index,CVE ID,CWE ID,project,actual_class,mitigation_strategy,is_guard_strengthened,codeLink,commit_id
177741,CVE-2011-4128,CWE-119,savannah,Fixing,"Reorders the size assignment after the size check in gnutls_session_get_data, restoring the effectiveness of the psession.size > *session_data_size guard so an undersized caller buffer is rejected instead of being overflowed by memcpy.",True,https://git.savannah.gnu.org/gitweb/?p=gnutls.git;a=commitdiff;h=190cef6eed37d0e73a73c1e205eb31d45ab60a3c,190cef6eed37d0e73a73c1e205eb31d45ab60a3c
177747,CVE-2013-6051,,savannah,Fixing,patch fixes a use-of-uninitialized-variable vulnerability. total was initialized in the after patch,False,https://git.savannah.gnu.org/gitweb/?p=quagga.git;a=commitdiff;h=8794e8d229dc9fe29ea31424883433d4880ef408,8794e8d229dc9fe29ea31424883433d4880ef408
177751,CVE-2018-1000039,CWE-416,ghostscript,Fixing,"Fixes the many flag passed to the recursive add_range call in case 3 so it matches the existing node's own flag, preventing incorrect tree merging and corruption.",False,http://git.ghostscript.com/?p=mupdf.git;a=commitdiff;h=71ceebcf56e682504da22c4035b39a2d451e8ffd;hp=7f82c01523505052615492f8e220f4348ba46995,71ceebcf56e682504da22c4035b39a2d451e8ffd
177752,CVE-2018-1000037,CWE-20,ghostscript,Fixing,"Adds fz_try/fz_always cleanup around image clipping, rendering and group handling so clip/group state is unwound on error; an exception?safety/state?restoration fix",True,http://git.ghostscript.com/?p=mupdf.git;a=commitdiff;h=b2e7d38e845c7d4922d05e6e41f3a2dc1bc1b14a;hp=f51836b9732c38d945b87fda0770009a77ba680c,b2e7d38e845c7d4922d05e6e41f3a2dc1bc1b14a
177768,CVE-2018-20482,CWE-835,savannah,Fixing,"Adds an explicit bytes_read == 0 EOF guard to break the infinite loop caused by bytes_left -= 0, and corrects dumped_size accounting during writes.",True,https://git.savannah.gnu.org/cgit/tar.git/commit/?id=c15c42ccd1e2377945fd0414eca1a49294bff454,c15c42ccd1e2377945fd0414eca1a49294bff454
177810,CVE-2018-19409,,ghostscript,Fixing,"Checks LockSafetyParams and device identity against the real output device (gxdso_current_output_device) instead of gs_currentdevice, closing a safety?lock bypass in zsetdevice.",True,https://git.ghostscript.com/?p=ghostpdl.git;a=commit;h=661e8d8fb8248c38d67958beda32f3a5876d0c3f,661e8d8fb8248c38d67958beda32f3a5876d0c3f
177831,CVE-2019-14975,CWE-125,ghostscript,Not_Fixing,The snippets are functionally identical ,False,http://git.ghostscript.com/?p=mupdf.git;a=commit;h=97096297d409ec6f206298444ba00719607e8ba8,97096297d409ec6f206298444ba00719607e8ba8
177832,CVE-2019-14975,CWE-125,ghostscript,Fixing, Adds a str->pos == -1 early?return guard so a previously failed walk can’t compute &str->utf8[-1] and read out of bounds.,True,http://git.ghostscript.com/?p=mupdf.git;a=commit;h=97096297d409ec6f206298444ba00719607e8ba8,97096297d409ec6f206298444ba00719607e8ba8
177860,CVE-2018-16863,CWE-78,ghostscript,Fixing,"Splits zrestore into check (restore_check_save) and restore (dorestore) phases, popping the save operand (osp++) before the destructive restore so the stack no longer holds a stale reference to the save object being freed; a lifetime/ordering fix, not a guard change.",True,http://git.ghostscript.com/?p=ghostpdl.git;a=commit;h=5516c614dc33,5516c614dc33662a2afdc377159f70218e67bde5
177866,CVE-2018-16542,CWE-388,ghostscript,Not_Fixing,The snippets are functionally identical ,False,http://git.ghostscript.com/?p=ghostpdl.git;a=commit;h=b575e1ec42cc86f6a58c603f2a88fcc2af699cc8,b575e1ec42cc86f6a58c603f2a88fcc2af699cc8
177872,CVE-2018-16510,CWE-119,ghostscript,Fixing,"Adds error?path cleanup in zsetstrokecolorspace that restores the exec stack and undoes the color swap, preventing a stale continuation and swapped color state from corrupting later execution; a state?restoration fix, not a guard change.",False,http://git.ghostscript.com/?p=ghostpdl.git;a=commit;h=ea735ba37dc0fd5f5622d031830b9a559dec1cc9,ea735ba37dc0fd5f5622d031830b9a559dec1cc9
177875,CVE-2018-15911,CWE-119,ghostscript,Fixing,"Zero?initializes the freshly allocated AES context so a failed key?length check can’t leave an uninitialized context that later reaches aes_crypt_cbc; an uninitialized?memory fix, not a guard change.",False,http://git.ghostscript.com/?p=ghostpdl.git;a=commit;h=8e9ce5016db968b40e4ec255a3005f2786cce45f,8e9ce5016db968b40e4ec255a3005f2786cce45f
177876,CVE-2018-15910,CWE-704,ghostscript,Fixing,"Fixes a stale/uninitialized param_name used in the LockDistillerParams error path; a correctness fix, not a guard change.",False,http://git.ghostscript.com/?p=ghostpdl.git;a=commit;h=c3476dde7743761a4e1d39a631716199b696b880,c3476dde7743761a4e1d39a631716199b696b880
177877,CVE-2018-15910,CWE-704,ghostscript,Fixing,"Zero?initializes loc and adds a loc.presult NULL check before writing through it, preventing a NULL?pointer dereference in the param read error path.",True,http://git.ghostscript.com/?p=ghostpdl.git;a=commit;h=c3476dde7743761a4e1d39a631716199b696b880,c3476dde7743761a4e1d39a631716199b696b880
177879,CVE-2015-3456,CWE-119,qemu,Fixing,"The patch moves the modulo operation so that pos is always bounded to the FIFO size, not just in non-DMA mode.",True,https://git.qemu.org/?p=qemu.git;a=commitdiff;h=e907746266721f305d67bc0718795fedee2e824c,e907746266721f305d67bc0718795fedee2e824c
177885,CVE-2011-1428,CWE-20,savannah,Fixing,"The patch adds an action parameter and dispatches on it (WEECHAT_HOOK_CONNECT_GNUTLS_CB_VERIFY_CERT vs WEECHAT_HOOK_CONNECT_GNUTLS_CB_SET_CERT), splitting the previously merged code into two separate branches. Peer-certificate verification (chain check, expiration, activation, hostname match, rc = -1 on failure) now runs only in the VERIFY_CERT context, and client-certificate loading / memcpy(answer, ...) runs only in the SET_CERT context. This decouples the two invocation semantics so a verification failure can no longer be returned in the set-cert context (and vice versa), which was the vulnerability.",True,https://git.savannah.gnu.org/gitweb/?p=weechat.git;a=commit;h=c265cad1c95b84abfd4e8d861f25926ef13b5d91,c265cad1c95b84abfd4e8d861f25926ef13b5d91
177894,CVE-2019-12068,CWE-835,qemu,Fixing,"Moves the SCRIPTS instruction?count limit check to loop entry and makes it an unconditional early return, so the interpreter can no longer exceed LSI_MAX_INSN instructions even when s->waiting != LSI_NOWAIT.",True,https://git.qemu.org/?p=qemu.git;a=commit;h=de594e47659029316bbf9391efb79da0a1a08e08,de594e47659029316bbf9391efb79da0a1a08e08
177901,CVE-2015-2806,CWE-119,savannah,Fixing,"The patch fixes a stack-based buffer overflow in _asn1_ltostr when converting a long to a decimal string. The vulnerability occurs with v == LONG_MIN (or similar edge cases): the statement v = -v; overflows signed arithmetic and leaves v negative. The subsequent do { ... } while (v); loop then produces digits for the negative magnitude, which can generate a string longer than the destination buffers temp and str are sized for. Because the original loop had no upper bound on count, it could write past the end of temp[LTOSTR_MAX_SIZE] and then write the null terminator past the end of the caller’s str buffer.",True,https://git.savannah.gnu.org/gitweb/?p=libtasn1.git;a=commit;h=4d4f992826a4962790ecd0cce6fbba4a415ce149,4d4f992826a4962790ecd0cce6fbba4a415ce149
177910,CVE-2017-11714,CWE-125,ghostscript,Fixing,"Nulls the stack slot referencing pstate before pop(1), preventing the GC from following a dangling pointer to freed scanner state; a lifetime fix, not a guard change",False,http://git.ghostscript.com/?p=ghostpdl.git;a=commit;h=671fd59eb657743aa86fbc1895cb15872a317caa,671fd59eb657743aa86fbc1895cb15872a317caa
177911,CVE-2009-0946,CWE-189,savannah,Fixing,The patch fixes an integer/pointer overflow in the tt_cmap10_validate bounds check,True,https://git.savannah.gnu.org/cgit/freetype/freetype2.git/commit/?id=a18788b14db60ae3673f932249cd02d33a227c4e,a18788b14db60ae3673f932249cd02d33a227c4e
177914,CVE-2009-0946,CWE-189,savannah,Fixing,The patch fixes an integer-overflow–driven heap buffer overflow in ft_smooth_render_generic.,True,https://git.savannah.gnu.org/cgit/freetype/freetype2.git/commit/?id=79972af4f0485a11dcb19551356c45245749fc5b,79972af4f0485a11dcb19551356c45245749fc5b
177923,CVE-2015-2348,CWE-264,php,Fixing,"Changes the destination?path parameter specifier from ""s"" to ""p"", so embedded NUL bytes are rejected at parameter parsing time and cannot be used to smuggle a truncated/alternate path past move_uploaded_file’s checks.",True,https://git.php.net/?p=php-src.git;a=commit;h=1291d6bbee93b6109eb07e8f7916ff1b7fcc13e1,1291d6bbee93b6109eb07e8f7916ff1b7fcc13e1
177924,CVE-2015-2331,CWE-189,php,Fixing,"Adds an overflow check on nentry * sizeof(struct zip_dirent) before allocating the entry array, preventing a wrapped allocation size that would later cause a heap buffer overflow.",True,https://git.php.net/?p=php-src.git;a=commit;h=ef8fc4b53d92fbfcd8ef1abbd6f2f5fe2c4a11e5,ef8fc4b53d92fbfcd8ef1abbd6f2f5fe2c4a11e5
177927,CVE-2017-11144,CWE-754,php,Not_Fixing, The condition change is semantically equivalent for OpenSSL’s EVP_SealInit return values; no guard was strengthened.,False,https://git.php.net/?p=php-src.git;a=commit;h=73cabfedf519298e1a11192699f44d53c529315e,73cabfedf519298e1a11192699f44d53c529315e
177928,CVE-2017-11144,CWE-754,php,Not_Fixing, The condition change is semantically equivalent for OpenSSL’s EVP_SealInit return values; no guard was strengthened.,False,https://git.php.net/?p=php-src.git;a=commit;h=91826a311dd37f4c4e5d605fa7af331e80ddd4c3,91826a311dd37f4c4e5d605fa7af331e80ddd4c3
177939,CVE-2015-1793,CWE-254,openssl,Fixing,The patch replaces the per?iteration ctx->last_untrusted-- in the alternate?chain rollback loop with a single post?loop recomputation,True,https://git.openssl.org/?p=openssl.git;a=commit;h=9a0db453ba017ebcaccbee933ee6511a9ae4d1c8,9a0db453ba017ebcaccbee933ee6511a9ae4d1c8
177952,CVE-2017-9726,CWE-125,ghostscript,Fixing,"Adds BOUNDS(CUR.GS.rp0, CUR.zp0.n_points) to the existing guard, preventing an out?of?bounds read via an unchecked rp0 index into zp0 coordinate arrays.",True,http://git.ghostscript.com/?p=ghostpdl.git;a=commit;h=7755e67116e8973ee0e3b22d653df026a84fa01b,7755e67116e8973ee0e3b22d653df026a84fa01b
177963,CVE-2013-0166,CWE-310,openssl,Fixing,"Adds a pkey == NULL early?return guard in ASN1_item_verify, preventing a NULL?pointer dereference in EVP_VerifyFinal.",True,https://git.openssl.org/gitweb/?p=openssl.git;a=commit;h=62e4506a7d4cec1c8e1ff687f6b220f6a62a57c7,62e4506a7d4cec1c8e1ff687f6b220f6a62a57c7
177964,CVE-2013-0166,CWE-310,openssl,Fixing,"Adds a pkey == NULL early?return guard in ASN1_item_verify, preventing a NULL?pointer dereference in EVP_VerifyFinal.",True,https://git.openssl.org/gitweb/?p=openssl.git;a=commit;h=66e8211c0b1347970096e04b18aa52567c325200,66e8211c0b1347970096e04b18aa52567c325200
177972,CVE-2017-9310,CWE-835,qemu,Fixing," Adds an e1000e_ring_empty() early?return check to stop the RX loop when the guest ring has no descriptors, preventing an infinite loop / out?of?bounds descriptor access.",True,https://git.qemu.org/?p=qemu.git;a=commitdiff;h=4154c7e03fa55b4cf52509a83d50d6c09d743b7,4154c7e03fa55b4cf52509a83d50d6c09d743b77
177992,CVE-2015-0208,,openssl,Fixing," Changes the rsa_pss_to_ctx success test from “non?zero” to “> 0”, so the error return -1 is no longer treated as success and PSS verification cannot proceed with an unconfigured context (signature?bypass fix).",True,https://git.openssl.org/?p=openssl.git;a=commit;h=4b22cce3812052fe64fc3f6d58d8cc884e3cb834,4b22cce3812052fe64fc3f6d58d8cc884e3cb834
177993,CVE-2015-0207,,openssl,Fixing,"Adds SSL_clear(s) at the start of dtls1_listen to reset any leftover state from a previous invocation, preventing stale state from corrupting the new DTLS listen operation.",False,https://git.openssl.org/?p=openssl.git;a=commit;h=819418110b6fff4a7b96f01a5d68f71df3e3b736,819418110b6fff4a7b96f01a5d68f71df3e3b736
178009,CVE-2014-9745,CWE-399,savannah,Fixing,"cur holds the cursor position at the start of the current encoding entry. If, after T1_ToInt and T1_Skip_Spaces, the cursor has not advanced, the parser made no progress on this entry. The original code could then loop indefinitely on malformed input (e.g., a charcode that isn’t consumed), causing a denial of service. The new guard detects this no-progress condition and aborts with Unknown_File_Format, preventing the infinite loop.",True,https://git.savannah.gnu.org/cgit/freetype/freetype2.git/commit/?id=df14e6c0b9592cbb24d5381dfc6106b14f915e75,df14e6c0b9592cbb24d5381dfc6106b14f915e75
178010,CVE-2014-9718,CWE-399,qemu,Fixing,"Widens offset/sum/off_pos to 64-bit to avoid integer overflow in the PRDT offset search, and adds a sglist->size > INT32_MAX guard that rejects (and destroys) an oversized SG list, blocking 32-bit overflow downstream.",True,https://git.qemu.org/?p=qemu.git;a=commit;h=3251bdcf1c67427d964517053c3d185b46e618e8,3251bdcf1c67427d964517053c3d185b46e618e8
178011,CVE-2014-9718,CWE-399,qemu,Fixing,"That under?sized transfer could cause out?of?bounds access or an inconsistent DMA state. The new check rejects any preparation that yields fewer than 512 bytes. The added dma_buf_commit(s, 0) resets the DMA buffer accounting when aborting, preventing stale buffer state from persisting.",True,https://git.qemu.org/?p=qemu.git;a=commit;h=3251bdcf1c67427d964517053c3d185b46e618e8,3251bdcf1c67427d964517053c3d185b46e618e8
178014,CVE-2014-9672,CWE-119,savannah,Fixing,The patch fixes a stack out-of-bounds read in parse_fond related to the names[64] array.,True,https://git.savannah.gnu.org/cgit/freetype/freetype2.git/commit/?id=18a8f0d9943369449bc4de92d411c78fb08d616c,18a8f0d9943369449bc4de92d411c78fb08d616c
178015,CVE-2014-9671,,savannah,Fixing,Adds a per-table offset/size vs. stream->size bounds check (using overflow-safe subtraction order) so tables extending past the font file are rejected instead of triggering out-of-bounds reads.,True,https://git.savannah.gnu.org/cgit/freetype/freetype2.git/commit/?id=0e2f5d518c60e2978f26400d110eff178fa7e3c3,0e2f5d518c60e2978f26400d110eff178fa7e3c3
178017,CVE-2014-9669,CWE-125,savannah,Fixing,The patch fixes two separate integer-overflow vulnerabilities in the validation guards of tt_cmap8_validate.,True,https://git.savannah.gnu.org/cgit/freetype/freetype2.git/commit/?id=602040b1112c9f94d68e200be59ea7ac3d104565,602040b1112c9f94d68e200be59ea7ac3d104565
178021,CVE-2014-9665,CWE-119,savannah,Fixing,"The patched code declares y as FT_UInt, matching the type of bitmap->rows. The loop bound comparison is now performed entirely in unsigned arithmetic, so the counter and the bound are type-consistent.",True,https://git.savannah.gnu.org/cgit/freetype/freetype2.git/commit/?id=b3500af717010137046ec4076d1e1c0641e33727,b3500af717010137046ec4076d1e1c0641e33727
178041,CVE-2012-2686,CWE-310,openssl,Not_Fixing,The patch re?enables the AES?CBC?HMAC?SHA1 ciphers by removing the #if 0 block that had disabled them,False,https://git.openssl.org/gitweb/?p=openssl.git;a=commit;h=125093b59f3c2a2d33785b5563d929d0472f1721,125093b59f3c2a2d33785b5563d929d0472f1721
178056,CVE-2017-8105,CWE-787,savannah,Fixing,"The patch adds a bounds check in the op_callothersubr / subr_no == 2 (add flex vectors) branch. In the original code, when idx = decoder->num_flex_vectors++ fell in 1..6, the function called t1_builder_add_point() directly, relying on the earlier t1_builder_check_points(builder, 6) from the flex?start case to have reserved enough points. But malformed fonts can embed other opcodes in the middle of a flex that don't increment num_flex_vectors while consuming outline points, so the outline's point array can be exhausted before add_point is called — causing an out?of?bounds write. So before each flex point is added, the builder verifies that at least one more point slot is available. If not, parsing errors out instead of writing past the outline buffer.",True,https://git.savannah.gnu.org/cgit/freetype/freetype2.git/commit/?id=f958c48ee431bef8d4d466b40c9cb2d4dbcb7791,f958c48ee431bef8d4d466b40c9cb2d4dbcb7791
178066,CVE-2014-8106,CWE-119,qemu,Fixing,"Adds a width bound (> CIRRUS_BLTBUFSIZE) to the blit safety check, blocking oversized blits that could overflow the internal buffer.",True,https://git.qemu.org/?p=qemu.git;a=commit;h=bf25983345ca44aec3dd92c57142be45452bd38a,bf25983345ca44aec3dd92c57142be45452bd38a
178083,CVE-2016-8577,CWE-399,qemu,Fixing,"Adds an out_free_iovec cleanup label so error paths after iovec initialization destroy qiov/qiov_full instead of leaking them; a resource?leak fix, not a guard change.",False,https://git.qemu.org/?p=qemu.git;a=commit;h=e95c9a493a5a8d6f969e86c9f19f80ffe6587e19,e95c9a493a5a8d6f969e86c9f19f80ffe6587e19
178084,CVE-2016-7995,CWE-399,qemu,Fixing,Adds missing qemu_sglist_destroy() on the pg == 6 page-border error path to fix a resource leak/DoS,False,https://git.qemu.org/?p=qemu.git;a=commit;h=b16c129daf0fed91febbb88de23dae8271c8898a,b16c129daf0fed91febbb88de23dae8271c8898a
178097,CVE-2016-7908,CWE-399,qemu,Fixing,"Replaces the unbounded while (1) descriptor loop with a descnt < FEC_MAX_DESC bound, preventing a guest?induced infinite loop/DoS in the FEC TX path.",True,https://git.qemu.org/?p=qemu.git;a=commit;h=070c4b92b8cd5390889716677a0b92444d6e087a,070c4b92b8cd5390889716677a0b92444d6e087a
178100,CVE-2016-7423,CWE-787,qemu,Fixing,"g_new ? g_new0 zero?initializes MPTSASRequest, preventing use of uninitialized fields (especially during error?path cleanup) that could lead to invalid free/memory corruption.",False,https://git.qemu.org/?p=qemu.git;a=commit;h=670e56d3ed2918b3861d9216f2c0540d9e9ae0d5,670e56d3ed2918b3861d9216f2c0540d9e9ae0d5
178106,CVE-2016-7157,CWE-20,qemu,Fixing,"Re?aligns variadic arguments with the pack format by inserting the missing pcic->class_id, preventing misaligned fields (and possible data leakage) in the IOC config page; it’s a correctness fix, not a guard strengthening.",False,https://git.qemu.org/?p=qemu.git;a=commit;h=65a8e1f6413a0f6f79894da710b5d6d43361d27d,65a8e1f6413a0f6f79894da710b5d6d43361d27d
178134,CVE-2016-6307,CWE-400,openssl,Fixing,"A peer could advertise a message_size that passed the max_message_size check but exceeded the current init_buf capacity, so when the body was later read into init_buf, it wrote past the end of the buffer (heap out?of?bounds write). The new guard ensures init_buf is grown to message_size + SSL3_HM_HEADER_LENGTH before any body processing, and aborts the handshake if the allocation fails.",True,https://git.openssl.org/?p=openssl.git;a=commit;h=4b390b6c3f8df925dc92a3dd6b022baa9a2f4650,4b390b6c3f8df925dc92a3dd6b022baa9a2f4650
178151,CVE-2016-6295,CWE-416,php,Not_Fixing,The snippets are functionally identical ,False,https://git.php.net/?p=php-src.git;a=commit;h=cab1c3b3708eead315e033359d07049b23b147a3,cab1c3b3708eead315e033359d07049b23b147a3
178154,CVE-2016-6289,CWE-190,php,Not_Fixing,The snippets are functionally identical ,False,https://git.php.net/?p=php-src.git;a=commit;h=0218acb7e756a469099c4ccfb22bce6c2bd1ef87,0218acb7e756a469099c4ccfb22bce6c2bd1ef87
178176,CVE-2010-2500,CWE-189,savannah,Fixing,"The patch fixes an integer-overflow issue in the scanline offset computation of gray_render_span.  Forcing the arithmetic into the unsigned domain, avoiding signed-overflow undefined behavior and ensuring the offset is treated as a non-negative value. In the context of the bitmap buffer, this prevents the offset from wrapping to a negative value that would move p before the buffer, thereby mitigating the out-of-bounds write.",False,https://git.savannah.gnu.org/cgit/freetype/freetype2.git/commit/?id=6305b869d86ff415a33576df6d43729673c66eee,6305b869d86ff415a33576df6d43729673c66eee
178178,CVE-2010-2499,CWE-119,savannah,Fixing,The patch adds an error check after FT_Stream_Read in the per-resource read loop of Mac_Read_POST_Resource,True,https://git.savannah.gnu.org/cgit/freetype/freetype2.git/commit/?id=c69891a1345640096fbf396e8dd567fe879ce233,c69891a1345640096fbf396e8dd567fe879ce233
178188,CVE-2016-4971,CWE-254,savannah,Not_Fixing,"Patch adds orig_parsed to the ftp_loop call in retrieve_url. This lets ftp_loop know whether the u it receives is the original URL or a redirected one, so it can avoid freeing memory that retrieve_url will later free. Prevents double?free / use?after?free.",False,https://git.savannah.gnu.org/cgit/wget.git/commit/?id=e996e322ffd42aaa051602da182d03178d0f13e1,e996e322ffd42aaa051602da182d03178d0f13e1
178192,CVE-2018-6951,CWE-476,savannah,Not_Fixing,The snippets are functionally identical ,False,https://git.savannah.gnu.org/cgit/patch.git/commit/?id=f290f48a621867084884bfff87f8093c15195e6a,f290f48a621867084884bfff87f8093c15195e6a
178193,CVE-2018-6942,CWE-476,savannah,Fixing,"Adds a null check on coords (exc->face->blend->normalizedcoords). If coords is NULL, the function now fills args[0..num_axes-1] with zero instead of dereferencing coords[i]. This prevents a NULL pointer dereference when normalized variation coordinates are absent.",True,https://git.savannah.gnu.org/cgit/freetype/freetype2.git/commit/?id=29c759284e305ec428703c9a5831d0b1fc3497ef,29c759284e305ec428703c9a5831d0b1fc3497ef
178204,CVE-2016-4544,CWE-119,php,Fixing,"Replaces the unbounded raw value_ptr/value_ptr+length+1 %s arguments in spprintf with the NUL?terminated, length?bounded CopyrightPhotographer/CopyrightEditor copies, preventing an out?of?bounds read past the EXIF value buffer.",True,https://git.php.net/?p=php-src.git;a=commit;h=082aecfc3a753ad03be82cf14f03ac065723ec92,082aecfc3a753ad03be82cf14f03ac065723ec92
178209,CVE-2016-4539,CWE-119,php,Not_Fixing,The two snippets are functionally identical; no guard or bounds check was added or strengthened in the target function as shown,False,https://git.php.net/?p=php-src.git;a=commit;h=dccda88f27a084bcbbb30198ace12b4e7ae961cc,dccda88f27a084bcbbb30198ace12b4e7ae961cc
178231,CVE-2016-4072,CWE-20,php,Fixing,"Switches the filename parameter specifier from ""s"" to ""p"" so NUL?containing filenames are rejected during parameter parsing and cannot be used to bypass phar_detect_phar_fname_ext checks.",True,https://git.php.net/?p=php-src.git;a=commit;h=1e9b175204e3286d64dfd6c9f09151c31b5e099a,1e9b175204e3286d64dfd6c9f09151c31b5e099a
178247,CVE-2016-4037,CWE-20,qemu,Fixing,"Adds an itd_count counter to track ITD/SITD fetches, enabling a limit check that stops the ehci_advance_state loop from spinning forever on a guest?supplied cyclic ITD list (DoS mitigation).",True,https://git.qemu.org/?p=qemu.git;a=commit;h=1ae3f2f178087711f9591350abad133525ba93f2,1ae3f2f178087711f9591350abad133525ba93f2
178309,CVE-2019-1563,CWE-311,openssl,Not_Fixing,Only the declaration is visible in the provided fragment; the actual length check using fixlen is in the unseen portion of the diff.,False,https://git.openssl.org/gitweb/?p=openssl.git;a=commitdiff;h=08229ad838c50f644d7e928e2eef147b4308ad64,08229ad838c50f644d7e928e2eef147b4308ad64
178317,CVE-2008-1950,CWE-189,savannah,Fixing,"In _gnutls_server_name_recv_params, the patch adds two local guards: it ignores zero-length server names by only incrementing server_names and advancing the pointer when len > 0, and it caps server_names at MAX_SERVER_NAME_EXTENSIONS if the count exceeds that limit. This prevents a malicious client from sending many SNI entries, especially zero-length ones, to inflate server_names and cause resource exhaustion/DoS.",True,https://lists.gnu.org/archive/html/gnutls-devel/2008-05/msg00051.html,bc8102405fda11ea00ca3b42acc4f4bce9d6e97b
178342,CVE-2014-3513,CWE-20,openssl,Fixing,"Adds a DTLS?only check (SSL_IS_DTLS(s) &&) to the use_srtp extension emission, so SRTP profiles are no longer advertised in plain TLS ClientHellos where the extension is undefined.",True,https://git.openssl.org/gitweb/?p=openssl.git;a=commit;h=2b0532f3984324ebe1236a63d15893792384328d,2b0532f3984324ebe1236a63d15893792384328d
178347,CVE-2014-3509,CWE-362,openssl,Fixing,"Adds a !s->hit guard around the ec_point_formats handling, preventing a server from overwriting the saved session's EC point-format list during resumption.",True,https://git.openssl.org/gitweb/?p=openssl.git;a=commit;h=fb0bc2b273bcc2d5401dd883fe869af4fc74bb21,fb0bc2b273bcc2d5401dd883fe869af4fc74bb21
178355,CVE-2016-2842,CWE-119,openssl,Fixing,Propagates failure from doapr_outch/fmtint/fmtfp/fmtstr in _dopr (return 0 on failure) so formatting stops before subsequent writes into an ungrowable/over?length buffer can occur.,True,https://git.openssl.org/?p=openssl.git;a=commit;h=578b956fe741bf8e84055547b1e83c28dd902c73,578b956fe741bf8e84055547b1e83c28dd902c73
178358,CVE-2016-2538,CWE-189,qemu,Fixing,"Previously only bufoffs + buflen > length was checked. Since bufoffs and buflen are attacker?controlled uint32_t values, bufoffs + buflen could overflow and wrap around, making the single check pass even though the buffer offset/length were out of range. ndis_set would then read past the end of the received packet. The new buflen > length and bufoffs >= length checks validate each value individually against length before the addition, so an overflowed sum can no longer bypass the guard and cause an out?of?bounds read.",True,https://git.qemu.org/?p=qemu.git;a=commit;h=fe3c546c5ff2a6210f9a4d8561cc64051ca8603e,fe3c546c5ff2a6210f9a4d8561cc64051ca8603e
178361,CVE-2016-2342,CWE-119,savannah,Fixing,The patch replaces the single weak check with three layered bounds checks before any copy is performed,True,https://git.savannah.gnu.org/cgit/quagga.git/commit/?id=a3bc7e9400b214a0f078fdb19596ba54214a1442,a3bc7e9400b214a0f078fdb19596ba54214a1442
178367,CVE-2016-2179,CWE-399,openssl,Fixing,"Splits the DTLS queue cleanup into received/sent helpers and fixes the duplicated loop so buffered received fragments are actually freed, resolving a memory leak/DoS; no guard condition was strengthened.",False,https://git.openssl.org/?p=openssl.git;a=commit;h=f5c7f5dfbaf0d2f7d946d0fe86f08e6bcb36ed0d,f5c7f5dfbaf0d2f7d946d0fe86f08e6bcb36ed0d
178370,CVE-2016-2179,CWE-399,openssl,Not_Fixing,Adds dtls1_clear_received_buffer(s) on DTLS handshake completion to release buffered received messages and avoid stale?data/resource?leak issues; a cleanup/state?reset fix.,False,https://git.openssl.org/?p=openssl.git;a=commit;h=f5c7f5dfbaf0d2f7d946d0fe86f08e6bcb36ed0d,f5c7f5dfbaf0d2f7d946d0fe86f08e6bcb36ed0d
178378,CVE-2016-2177,CWE-190,openssl,Fixing,"The patch rewrites every bounds check in tls1_process_ticket from pointer?comparison form to subtraction?based form, and moves the checks before the pointer advance",True,https://git.openssl.org/?p=openssl.git;a=commit;h=a004e72b95835136d3f1ea90517f706c24c03da7,a004e72b95835136d3f1ea90517f706c24c03da7
178412,CVE-2016-10133,CWE-119,ghostscript,Fixing,"Fixes a sign error in the js_pop count when n > F->numparams, preventing a negative pop that would corrupt the value stack; a correctness fix, not a guard change.",False,http://git.ghostscript.com/?p=mujs.git;a=commit;h=77ab465f1c394bb77f00966cd950650f3f53cb24,77ab465f1c394bb77f00966cd950650f3f53cb24
178448,CVE-2015-8744,CWE-20,qemu,Fixing,Adds a check on vmxnet_tx_pkt_parse’s return value so malformed TX packets are dropped instead of being sent with an invalid packet state; the new condition strengthens the send guard.,True,https://git.qemu.org/?p=qemu.git;a=commitdiff;h=a7278b36fcab9af469563bd7b,a7278b36fcab9af469563bd7b9dadebe2ae25e48
178476,CVE-2015-4601,,php,Fixing,"Adds IS_STRING type checks on _login and _password before using their string fields, preventing type?confusion out?of?bounds access.",True,https://git.php.net/?p=php-src.git;a=commit;h=0c136a2abd49298b66acb0cad504f0f972f5bfe8,0c136a2abd49298b66acb0cad504f0f972f5bfe8
178479,CVE-2015-4116,,php,Fixing,Reorders heap->count++ to after the sift?up loop so an exception thrown by the userland heap->cmp callback cannot leave count claiming an element slot that was never populated.,False,https://git.php.net/?p=php-src.git;a=commit;h=1cbd25ca15383394ffa9ee8601c5de4c0f2f90e1,1cbd25ca15383394ffa9ee8601c5de4c0f2f90e1
178485,CVE-2015-3412,CWE-254,php,Fixing,"Switches the file parameter specifier from ""s"" to ""p"", so NUL?containing paths are rejected at parameter parsing time before the file is opened.",True,https://git.php.net/?p=php-src.git;a=commit;h=4435b9142ff9813845d5c97ab29a5d637bedb257,4435b9142ff9813845d5c97ab29a5d637bedb257
178491,CVE-2015-3412,CWE-254,php,Fixing,"Changes the filename parameter specifier from ""s"" to ""p"" so NUL?containing filenames are rejected during parameter parsing and cannot be used to bypass path checks in gzopen.",True,https://git.php.net/?p=php-src.git;a=commit;h=4435b9142ff9813845d5c97ab29a5d637bedb257,4435b9142ff9813845d5c97ab29a5d637bedb257
178519,CVE-2018-0496,CWE-22,savannah,Fixing,The patched code introduces an explicit validation step which fixes a directory traversal / arbitrary file write issue,True,https://git.savannah.gnu.org/cgit/freedink/dfarc.git/commit/?id=40cc957f52e772f45125126439ba9333cf2d2998,40cc957f52e772f45125126439ba9333cf2d2998
178526,CVE-2013-4544,CWE-20,qemu,Fixing,"Adds vmxnet3_validate_interrupts(s) to post?load so restored interrupt state is re?validated before use, blocking invalid MSI?X/interrupt configurations from a malicious migration stream.",True,https://git.qemu.org/?p=qemu.git;a=commit;h=3c99afc779c2c78718a565ad8c5e98de7c2c7484,3c99afc779c2c78718a565ad8c5e98de7c2c7484
178528,CVE-2013-4539,CWE-119,qemu,Fixing,"Adds bounds checks on function, nextfunction, precision, and nextprecision after migration load so out?of?range values can no longer be used as indices into mode_regs/resolution.",True,https://git.qemu.org/?p=qemu.git;a=commit;h=5193be3be35f29a35bc465036cd64ad60d43385f,5193be3be35f29a35bc465036cd64ad60d43385f
178532,CVE-2013-4353,CWE-20,openssl,Fixing,"Adds a new_cipher == NULL early return before the Finished MAC computation, preventing a NULL?dereference when no cipher has been negotiated.",True,https://git.openssl.org/gitweb/?p=openssl.git;a=commit;h=197e0ea817ad64820789d86711d55ff50d71f631,197e0ea817ad64820789d86711d55ff50d71f631
178534,CVE-2013-4150,CWE-119,qemu,Fixing,Adds curr_queues > max_queues validation to prevent out-of-bounds writes to the vqs array during migration load.,True,https://git.qemu.org/?p=qemu.git;a=commit;h=eea750a5623ddac7a61982eec8f1c93481857578,eea750a5623ddac7a61982eec8f1c93481857578
178542,CVE-2017-18201,CWE-415,savannah,Fixing,"Drops the cdtext_destroy(p_env->cdtext) call on the cdtext_data_init failure path in get_cdtext_generic, avoiding destruction of a partially initialized cdtext object whose internals were never populated; a lifetime/initialization fix, not a guard?condition change.",False,https://git.savannah.gnu.org/cgit/libcdio.git/commit/?id=f6f9c48fb40b8a1e8218799724b0b61a7161eb1d,f6f9c48fb40b8a1e8218799724b0b61a7161eb1d
178563,CVE-2017-17858,CWE-119,ghostscript,Fixing,"Replaces the weak ofs < 0 / INT64_MAX - len checks with a full range validation on ofs, len, and ofs + len - 1 against PDF_MAX_OBJECT_NUMBER, rejecting negative lengths and oversized xref subsections that could cause integer overflow or excessive allocation.",True,http://git.ghostscript.com/?p=mupdf.git;a=commit;h=55c3f68d638ac1263a386e0aaa004bb6e8bde731,55c3f68d638ac1263a386e0aaa004bb6e8bde731
178576,CVE-2014-0143,CWE-190,qemu,Fixing,"Adds an upper limit (> 0x100000) on catalog_size to block unbounded g_malloc/DoS, and a lower bound (< total_sectors / extent_size) to prevent out?of?bounds catalog_bitmap[extent_index] lookups; both are new bounds guards on attacker?controlled header fields.",True,https://git.qemu.org/?p=qemu.git;a=commit;h=e3737b820b45e54b059656dc3f914f895ac7a88b,e3737b820b45e54b059656dc3f914f895ac7a88b
178622,CVE-2017-7539,CWE-20,qemu,Not_Fixing,"The patch changes the early?return condition from ret < 0 to ret <= 0, so a zero?byte read now returns ret (0) instead of falling through to if (ret != sizeof(buf)) and returning -EINVAL. As written, this does not mitigate a memory?safety vulnerability; it converts an EOF/short?read error into a success return (0)",False,https://git.qemu.org/?p=qemu.git;a=commitdiff;h=ff82911cd3f69f028f2537825c9720ff78bc3f19,ff82911cd3f69f028f2537825c9720ff78bc3f19
178661,CVE-2016-9601,CWE-119,ghostscript,Fixing,"Converts clipping arithmetic and index types to uint32_t and adds an explicit dst->width >= (uint32_t)x fallback so large/overflowing x yields w = 0 instead of bypassing the width bounds check, preventing out?of?bounds access in jbig2_image_compose.",True,http://git.ghostscript.com/?p=jbig2dec.git;a=commit;h=e698d5c11d27212aa1098bc5b1673a3378563092,e698d5c11d27212aa1098bc5b1673a3378563092
178663,CVE-2016-9601,CWE-119,ghostscript,Not_Fixing,"Changes width/height/stride to uint32_t so negative dimensions can no longer pass the check != (int)check overflow guard and produce an undersized/huge allocation; a type?correctness fix, not a guard?condition change.",False,http://git.ghostscript.com/?p=jbig2dec.git;a=commit;h=e698d5c11d27212aa1098bc5b1673a3378563092,e698d5c11d27212aa1098bc5b1673a3378563092
178667,CVE-2016-9601,CWE-119,ghostscript,Fixing,"Changes end_row from signed int/get_int32 to unsigned uint32_t/get_uint32, preventing a negative end?row from propagating into page state and causing downstream size/underflow issues; a type?correctness fix, not a guard change.",False,http://git.ghostscript.com/?p=jbig2dec.git;a=commit;h=e698d5c11d27212aa1098bc5b1673a3378563092,e698d5c11d27212aa1098bc5b1673a3378563092
178669,CVE-2016-9601,CWE-119,ghostscript,Fixing,"Converts the header?size arithmetic and loop indices to uint32_t so signed?overflow UB can’t defeat the offset + count*size + pa_size + 4 > buf_size check, keeping the referred?to?segment reads within the header buffer.",True,http://git.ghostscript.com/?p=jbig2dec.git;a=commit;h=e698d5c11d27212aa1098bc5b1673a3378563092,e698d5c11d27212aa1098bc5b1673a3378563092
178673,CVE-2016-9601,CWE-119,ghostscript,Fixing,Type change from int to uint32_t for the referred?dictionary count/index prevents a negative size from mis?allocating the array and causing an out?of?bounds write; no guard condition itself was added or tightened.,False,http://git.ghostscript.com/?p=jbig2dec.git;a=commit;h=e698d5c11d27212aa1098bc5b1673a3378563092,e698d5c11d27212aa1098bc5b1673a3378563092
178675,CVE-2016-9601,CWE-119,ghostscript,Not_Fixing,Type?consistency change for the loop counter; does not add or strengthen any guard and does not mitigate a vulnerability.,False,http://git.ghostscript.com/?p=jbig2dec.git;a=commit;h=e698d5c11d27212aa1098bc5b1673a3378563092,e698d5c11d27212aa1098bc5b1673a3378563092
178750,CVE-2012-3520,CWE-287,linux,Fixing,"Forces scm_send to populate credentials before netlink_sendmsg attaches them to the skb, preventing uninitialized/stale creds from being sent; a credential?setup fix, not a guard?condition change.",False,https://github.com/torvalds/linux/commit/e0e3cea46d31d23dc40df0a49a7a2c04fe8edfea,e0e3cea46d31d23dc40df0a49a7a2c04fe8edfea
178760,CVE-2012-3375,,linux,Fixing,"Adds clear_tfile_check_list() on the ELOOP error path in epoll_ctl so the global tfile_check_list is not left populated after a failed loop check; a cleanup fix for list corruption, not a guard?condition change.",False,https://github.com/torvalds/linux/commit/13d518074a952d33d47c428419693f63389547e9,13d518074a952d33d47c428419693f63389547e9
178765,CVE-2012-2669,CWE-20,linux,Fixing,"Adds a source?identity check (addr.nl_pid == 0) via recvfrom so the KVP daemon only accepts netlink messages that originated from the kernel, preventing local userspace processes from spoofing kernel messages to the daemon.",True,https://github.com/torvalds/linux/commit/bcc2c9c3fff859e0eb019fe6fec26f9b8eba795c,bcc2c9c3fff859e0eb019fe6fec26f9b8eba795c
178778,CVE-2012-2133,CWE-399,linux,Fixing,"Releases the hugetlb subpool reference on hugetlbfs_put_super (plus adding the spool field needed to track it), fixing a reference?count/resource leak on unmount; a resource?lifetime fix, not a guard?condition change.",True,https://github.com/torvalds/linux/commit/90481622d75715bfcb68501280a917dbfe516029,90481622d75715bfcb68501280a917dbfe516029
178884,CVE-2011-4324,,linux,Fixing,"Uses fmode_t instead of mode_t for the file?mode parameter so the full flag value (including bits above bit 15) is preserved on architectures where mode_t is narrower, preventing truncation of NFS open?mode state.",False,https://github.com/torvalds/linux/commit/dc0b027dfadfcb8a5504f7d8052754bf8d501ab9,dc0b027dfadfcb8a5504f7d8052754bf8d501ab9
178887,CVE-2011-4324,,linux,Fixing,"Removes a BUG() that panicked the kernel when neither FMODE_READ nor FMODE_WRITE was set, encoding 0 instead; fixes a locally triggerable DoS and avoids flag truncation via fmode_t",False,https://github.com/torvalds/linux/commit/dc0b027dfadfcb8a5504f7d8052754bf8d501ab9,dc0b027dfadfcb8a5504f7d8052754bf8d501ab9
178888,CVE-2011-4131,CWE-189,linux,Fixing,"Replaces direct buf_to_pages mapping of the caller buffer (which could overflow the fixed?size pages[] array) with a bounded per?page allocation using a zero?initialized array and an offset?aware _copy_from_pages, preventing stack buffer overflow and invalid?free on the error path.",True,https://github.com/torvalds/linux/commit/bf118a342f10dafe44b14451a1392c3254629a1f,bf118a342f10dafe44b14451a1392c3254629a1f
178899,CVE-2011-4112,CWE-264,linux,Fixing,"Clears the IFF_TX_SKB_SHARING capability on the bond device so the stack no longer shares skbs with it, avoiding memory corruption; a capability?flag fix, not a guard?condition change.",False,https://github.com/torvalds/linux/commit/550fd08c2cebad61c548def135f67aba284c6162,550fd08c2cebad61c548def135f67aba284c6162
178912,CVE-2011-4097,CWE-189,linux,Fixing,"Widens points from int to long in oom_badness to avoid an integer overflow that could wrap the OOM score and cause the wrong task to be selected; a type/overflow fix, not a guard?condition change.",False,https://github.com/torvalds/linux/commit/56c6a8a4aadca809e04276eabe5552935c51387f,56c6a8a4aadca809e04276eabe5552935c51387f
178930,CVE-2011-3209,CWE-189,linux,Not_Fixing,"Swaps div_long_long_rem for the standard div_u64 while dropping an unused remainder; a helper?cleanup change, not a security fix.",False,https://github.com/torvalds/linux/commit/f8bd2258e2d520dff28c855658bd24bdafb5102d,f8bd2258e2d520dff28c855658bd24bdafb5102d
178949,CVE-2011-2918,CWE-399,linux,Not_Fixing,Signature cleanup removing an unused parameter; no security fix and no guard strengthened.,False,https://github.com/torvalds/linux/commit/a8b0ca17b80e92faab46ee7179ba9e99ccb61233,a8b0ca17b80e92faab46ee7179ba9e99ccb61233
178960,CVE-2011-2918,CWE-399,linux,Not_Fixing,"Call?site update removing an unused nmi argument from record_and_restart; a refactoring cleanup, not a security fix.",False,https://github.com/torvalds/linux/commit/a8b0ca17b80e92faab46ee7179ba9e99ccb61233,a8b0ca17b80e92faab46ee7179ba9e99ccb61233
178992,CVE-2011-2918,CWE-399,linux,Not_Fixing,"Call?site update removing an obsolete nmi argument from perf_event_overflow; a refactoring cleanup, not a security fix and no guard is strengthened.",False,https://github.com/torvalds/linux/commit/a8b0ca17b80e92faab46ee7179ba9e99ccb61233,a8b0ca17b80e92faab46ee7179ba9e99ccb61233
179006,CVE-2011-2918,CWE-399,linux,Not_Fixing,"Call?site update removing an unused argument from perf_output_begin; a signature/refactoring cleanup, not a security fix.",False,https://github.com/torvalds/linux/commit/a8b0ca17b80e92faab46ee7179ba9e99ccb61233,a8b0ca17b80e92faab46ee7179ba9e99ccb61233
179084,CVE-2013-7026,CWE-362,linux,Fixing,"Caches and clears shp->shm_file before the multi?step teardown in shm_destroy so all operations act on one stable file reference, fixing a race that could yield a double?fput/UAF; a lifetime/consistency fix, not a guard?condition change.",False,https://github.com/torvalds/linux/commit/a399b29dfbaaaf91162b2dc5a5875dd51bbfa2a1,a399b29dfbaaaf91162b2dc5a5875dd51bbfa2a1
179087,CVE-2013-7022,CWE-119,ffmpeg,Fixing,"Fixes the framebuffer stride/height computation so framebuf_stride is a multiple of 3 and the buffer is sized consistently with 3?byte pixel indexing, preventing OOB accesses; this is a size?computation correction, not a guard strengthening.",False,https://github.com/FFmpeg/FFmpeg/commit/e07ac727c1cc9eed39e7f9117c97006f719864bd,e07ac727c1cc9eed39e7f9117c97006f719864bd
179088,CVE-2013-7021,CWE-399,ffmpeg,Fixing," Adds || av_fifo_size(s->fifo) <= 0 to the condition, so when the FIFO is empty the frame is buffered and the function returns instead of proceeding to compute delta and read from an empty FIFO (which would leave buf_out uninitialized/undefined, causing a null/uninitialized pointer dereference).",True,https://github.com/FFmpeg/FFmpeg/commit/cdd5df8189ff1537f7abe8defe971f80602cc2d2,cdd5df8189ff1537f7abe8defe971f80602cc2d2
179090,CVE-2013-7019,CWE-20,FFmpeg,Fixing,Adds a nreslevels <= reduction_factor rejection in get_cox (and clamps reduction_factor to nreslevels - 1) so a bitstream whose resolution-level count is not strictly greater than the requested reduction factor can no longer produce an inconsistent state that drives out-of-bounds resolution-level indexing downstream.,True,https://github.com/FFmpeg/FFmpeg/commit/a1b9004b768bef606ee98d417bceb9392ceb788d,a1b9004b768bef606ee98d417bceb9392ceb788d
179095,CVE-2013-7016,CWE-119,ffmpeg,Fixing,"Adds rejection of sample separation factors equal to 3 or greater than 4, ensuring only valid power?of?two subsampling factors reach the log2 computation and pixel?format selection, preventing mismatched chroma dimensions and out?of?bounds accesses.",True,https://github.com/FFmpeg/FFmpeg/commit/8bb11c3ca77b52e05a9ed1496a65f8a76e6e2d8f,8bb11c3ca77b52e05a9ed1496a65f8a76e6e2d8f
179097,CVE-2013-7014,CWE-189,ffmpeg,Fixing,"Casts sizeof(long) to int to avoid unsigned underflow in the vectorized loop bound, preventing out?of?bounds reads/writes when w < sizeof(long).",True,https://github.com/FFmpeg/FFmpeg/commit/86736f59d6a527d8bc807d09b93f971c0fe0bb07,86736f59d6a527d8bc807d09b93f971c0fe0bb07
179098,CVE-2013-7013,CWE-189,ffmpeg,Fixing,"Reorders the stride computation so tile_stride is a multiple of 3 (FFALIGN(tile_width,16)*3), keeping the tile buffer layout consistent with 3?byte pixel indexing and avoiding the OOB accesses the old mismatch could cause; this is a size?computation correction, not a guard strengthening.",False,https://github.com/FFmpeg/FFmpeg/commit/821a5938d100458f4d09d634041b05c860554ce0,821a5938d100458f4d09d634041b05c860554ce0
179101,CVE-2013-7010,CWE-189,ffmpeg,Fixing,"Casts sizeof(long) to int to prevent unsigned underflow in the vectorized loop bound, blocking out?of?bounds accesses when w < sizeof(long).",True,https://github.com/FFmpeg/FFmpeg/commit/454a11a1c9c686c78aa97954306fb63453299760,454a11a1c9c686c78aa97954306fb63453299760
179173,CVE-2013-4263,CWE-119,ffmpeg,Fixing,"Previously the loop only required in->data[p] to be non?NULL. A frame can have a plane with a valid data pointer but a zero linesize (e.g. an absent/empty plane in certain pixel formats). Passing such a plane to filter / av_image_copy_plane with a zero stride causes row iterations that never advance, leading to repeated access to the same row or incorrect pointer arithmetic, which can produce out?of?bounds reads/writes. By requiring a non?zero linesize, these malformed planes are skipped.",True,https://github.com/FFmpeg/FFmpeg/commit/e43a0a232dbf6d3c161823c2e07c52e76227a1bc,e43a0a232dbf6d3c161823c2e07c52e76227a1bc
179174,CVE-2013-4263,CWE-119,ffmpeg,Fixing,"Adds an in->linesize[plane] non?zero check to the flip plane loop, skipping data?only planes whose zero stride would otherwise lead to repeated backward reads past the plane allocation.",True,https://github.com/FFmpeg/FFmpeg/commit/e43a0a232dbf6d3c161823c2e07c52e76227a1bc,e43a0a232dbf6d3c161823c2e07c52e76227a1bc
179175,CVE-2013-4263,CWE-119,ffmpeg,Fixing,"Adds a inpic->linesize[plane] non?zero check and moves the plane < 4 bound first in the plane loop, skipping zero?stride or out?of?range planes that would otherwise cause invalid pointer arithmetic and memory accesses.",True,https://github.com/FFmpeg/FFmpeg/commit/e43a0a232dbf6d3c161823c2e07c52e76227a1bc,e43a0a232dbf6d3c161823c2e07c52e76227a1bc
179177,CVE-2013-4263,CWE-119,ffmpeg,Fixing,"Adds an out->linesize[i] non?zero check to the plane?pointer adjustment loop, skipping data?pointer?only planes whose zero linesize would otherwise lead to out?of?bounds writes in the border/copy fills.",True,https://github.com/FFmpeg/FFmpeg/commit/e43a0a232dbf6d3c161823c2e07c52e76227a1bc,e43a0a232dbf6d3c161823c2e07c52e76227a1bc
179222,CVE-2013-2850,CWE-119,linux,Fixing,"Replaces source?length?bounded strncpy with destination?size?bounded strlcpy for both key and value, adding an explicit size limit on the copy and preventing an out?of?bounds write when the source exceeds the fixed destination buffer.",True,https://github.com/torvalds/linux/commit/cea4dcfdad926a27a18e188720efe0f2c9403456,cea4dcfdad926a27a18e188720efe0f2c9403456
179271,CVE-2013-1943,CWE-20,linux,Fixing,"Extends the userspace?address sanity check with access_ok(VERIFY_WRITE, userspace_addr, memory_size), so a guest can no longer register a memory slot whose address points outside userspace and thereby induce the host to access arbitrary kernel memory.",True,https://github.com/torvalds/linux/commit/fa3d315a4ce2c0891cdde262562e710d95fba19e,fa3d315a4ce2c0891cdde262562e710d95fba19e
179276,CVE-2013-1860,CWE-119,linux,Not_Fixing,"Clears the stale WDM_OVERFLOW flag on wdm_post_reset so a pre?reset overflow condition does not persist and affect post?reset I/O; a state?cleanup fix, not a guard?condition change.",False,https://github.com/torvalds/linux/commit/c0f5ecee4e741667b2493c742b60b6218d40b3aa,c0f5ecee4e741667b2493c742b60b6218d40b3aa
179282,CVE-2013-1848,CWE-20,linux,Not_Fixing,"Adds the KERN_ERR log?level argument to an ext3_msg call; a logging?API adaptation, not a security fix.",False,https://github.com/torvalds/linux/commit/8d0c2d10dd72c5292eda7a06231056a4c972e4cc,8d0c2d10dd72c5292eda7a06231056a4c972e4cc
179287,CVE-2013-1797,CWE-399,linux,Fixing," Initializes vcpu->arch.pv_time_enabled to false in kvm_arch_vcpu_init, preventing an uninitialized value from incorrectly enabling paravirtualized time to the guest; a missing?initialization fix.",False,https://github.com/torvalds/linux/commit/0b79459b482e85cb7426aa7da683a9f2c97aeae1,0b79459b482e85cb7426aa7da683a9f2c97aeae1
179307,CVE-2013-0871,CWE-362,linux,Not_Fixing,The snippets are functionally identical ,False,https://github.com/torvalds/linux/commit/9899d11f654474d2d54ea52ceaa2a1f4db3abd68,9899d11f654474d2d54ea52ceaa2a1f4db3abd68
179360,CVE-2012-6538,CWE-200,linux,Fixing,"Replaces unbounded strcpy with a sizeof(algo->alg_name)?bounded strncpy for the XFRM algorithm name, preventing an out?of?bounds write when the source name exceeds the fixed destination size.",True,https://github.com/torvalds/linux/commit/4c87308bdea31a7b4828a51f6156e6f721a1fcc9,4c87308bdea31a7b4828a51f6156e6f721a1fcc9
179486,CVE-2014-4049,CWE-119,php,Fixing, Adds a per?chunk bound check (ll + n >= dlen ? clamp n) in the TXT parser so a malformed chunk length can’t cause an out?of?bounds read past the RDATA.,True,https://github.com/php/php-src/commit/b34d7849ed90ced9345f8ea1c59bc8d101c18468,b34d7849ed90ced9345f8ea1c59bc8d101c18468
179588,CVE-2014-2669,CWE-189,postgres,Fixing,"Replaces the overflow?prone expect > avail check on nxip with a fixed upper bound (nxip > TXID_SNAPSHOT_MAX_NXIP), preventing an int multiplication overflow that could allow an oversized allocation and out?of?bounds reads while parsing a txid_snapshot message.",True,https://github.com/postgres/postgres/commit/31400a673325147e1205326008e32135a78b4d8a,31400a673325147e1205326008e32135a78b4d8a
179694,CVE-2013-7271,CWE-20,linux,Not_Fixing,"Removes the msg_namelen = 0 initializer from vsock_stream_recvmsg; no security?relevant guard is added or tightened, and the change is a cleanup/refactor rather than a vulnerability fix.",False,https://github.com/torvalds/linux/commit/f3d3342602f8bcbf37d7c46641cb9bca7618eb1c,f3d3342602f8bcbf37d7c46641cb9bca7618eb1c
179695,CVE-2013-7271,CWE-20,linux,Not_Fixing,Removes a defensive msg_namelen = 0 initializer; not a security fix and no guard is strengthened.,False,https://github.com/torvalds/linux/commit/f3d3342602f8bcbf37d7c46641cb9bca7618eb1c,f3d3342602f8bcbf37d7c46641cb9bca7618eb1c
179707,CVE-2013-6401,CWE-310,jansson,Fixing,"Auto?seeds the global hash seed on first JSON object creation, preventing predictable hash collisions (hash?flooding DoS); a missing?initialization fix",True,https://github.com/akheron/jansson/commit/8f80c2d83808150724d31793e6ade92749b1faa4,8f80c2d83808150724d31793e6ade92749b1faa4
179723,CVE-2011-3346,CWE-119,qemu,Fixing,"Adds a req->cmd.xfer > 65536 rejection guard and allocates an internal outbuf sized MAX(4096, xfer), so all handler writes into outbuf (including memset(outbuf, 0, xfer)) are bounded and cannot overflow the caller’s buffer.",True,https://github.com/bonzini/qemu/commit/7285477ab11831b1cf56e45878a89170dd06d9b9,7285477ab11831b1cf56e45878a89170dd06d9b9
179796,CVE-2015-3417,,ffmpeg,Fixing,"Clears delayed_pic after the DPB is unreffed to eliminate dangling picture pointers (UAF fix); this is a state?reset, not a guard strengthening.",False,https://github.com/FFmpeg/FFmpeg/commit/e8714f6f93d1a32f4e4655209960afcf4c185214,e8714f6f93d1a32f4e4655209960afcf4c185214
179808,CVE-2015-2925,CWE-254,linux,Fixing,"Adds a path_connected() guard in follow_dotdot_rcu so the RCU?walk “..” step cannot proceed onto a dentry that a concurrent rename has disconnected from the namespace, closing the race that could otherwise let the walk follow an invalid parent.",True,https://github.com/torvalds/linux/commit/397d425dc26da728396e66d392d5dcb8dac30c37,397d425dc26da728396e66d392d5dcb8dac30c37
179861,CVE-2015-1792,CWE-399,openssl,Not_Fixing,"Refactors inline BIO?setup into a cms_get_text_bio helper call; no visible bounds check or validation change in the target function, so no security fix or guard strengthening can be attributed from this diff alone.",False,https://github.com/openssl/openssl/commit/cd30f03ac5bf2962f44bd02ae8d88245dff2f12c,cd30f03ac5bf2962f44bd02ae8d88245dff2f12c
179868,CVE-2015-1593,CWE-264,linux,Fixing,"Widens random_variable to unsigned long so the stack randomization offset is shifted in 64?bit arithmetic, preventing truncation of the high bits and restoring the intended stack ASLR entropy on 64?bit systems.",False,https://github.com/torvalds/linux/commit/4e7c22d447bb6d7e37bfe39ff658486ae78e8d77,4e7c22d447bb6d7e37bfe39ff658486ae78e8d77
179973,CVE-2014-8172,CWE-17,linux,Not_Fixing,Removes an obsolete file_sb_list_del() call from fput() as part of deprecating the per?superblock file list; not a security fix and no guard is strengthened.,False,https://github.com/torvalds/linux/commit/eee5cc2702929fd41cce28058dc6d6717f723f87,eee5cc2702929fd41cce28058dc6d6717f723f87
179999,CVE-2014-3571,,openssl,Fixing,"p is never set — it retains a stale value or remains NULL. Dereferencing *p in that state causes an out-of-bounds/invalid read (and possibly a NULL?pointer dereference). The patch reads the first byte of the record body directly from s->packet[DTLS1_RT_HEADER_LENGTH] and first verifies s->packet_length > DTLS1_RT_HEADER_LENGTH, so the check is always performed on a valid byte of the current packet.",True,https://github.com/openssl/openssl/commit/248385c606620b29ecc96ca9d3603463f879652b,248385c606620b29ecc96ca9d3603463f879652b
180231,CVE-2016-5770,CWE-190,php,Not_Fixing,The snippets are functionally identical ,False,https://github.com/php/php-src/commit/7245bff300d3fa8bacbef7897ff080a6f1c23eba?w=1,7245bff300d3fa8bacbef7897ff080a6f1c23eba?w=1
180273,CVE-2016-5769,CWE-190,php,Not_Fixing,The snippets are functionally identical ,False,https://github.com/php/php-src/commit/6c5211a0cef0cc2854eaa387e0eb036e012904d0?w=1,6c5211a0cef0cc2854eaa387e0eb036e012904d0?w=1
180294,CVE-2016-5768,CWE-415,php,Not_Fixing,"The snippets are functionally identical (only a duplicated signature line); no change was made, so no guard was strengthened.",False,https://github.com/php/php-src/commit/5b597a2e5b28e2d5a52fc1be13f425f08f47cb62?w=1,5b597a2e5b28e2d5a52fc1be13f425f08f47cb62?w=1
180352,CVE-2016-5094,CWE-190,php,Not_Fixing,The snippets are functionally identical ,False,https://github.com/php/php-src/commit/0da8b8b801f9276359262f1ef8274c7812d3dfda?w=1,0da8b8b801f9276359262f1ef8274c7812d3dfda?w=1
180358,CVE-2016-5093,CWE-125,php,Not_Fixing,The snippets are functionally identical ,False,https://github.com/php/php-src/commit/97eff7eb57fc2320c267a949cffd622c38712484?w=1,97eff7eb57fc2320c267a949cffd622c38712484?w=1
180377,CVE-2016-5093,CWE-125,php,Fixing,Fixes the overflow?retry size accounting by adding buflen++ so the next allocation includes room for '\0'; prevents an infinite retry loop / non?null?terminated buffer.,True,https://github.com/php/php-src/commit/97eff7eb57fc2320c267a949cffd622c38712484?w=1,97eff7eb57fc2320c267a949cffd622c38712484?w=1
180419,CVE-2016-4564,CWE-119,ImageMagick,Not_Fixing,Cast?type adaptation on stroke.alpha assignment; not a security fix and no guard is strengthened.,False,https://github.com/ImageMagick/ImageMagick/commit/726812fa2fa7ce16bcf58f6e115f65427a1c0950,726812fa2fa7ce16bcf58f6e115f65427a1c0950
180465,CVE-2016-4303,CWE-119,iperf,Not_Fixing,"Adds a new argument to the print_value call to match a changed helper signature; a refactor/adaptation in a thin wrapper, not a security fix and no guard is strengthened.",False,https://github.com/esnet/iperf/commit/91f2fa59e8ed80dfbf400add0164ee0e508e412a,91f2fa59e8ed80dfbf400add0164ee0e508e412a
180476,CVE-2016-4303,CWE-119,iperf,Fixing,"Adds an end_ptr bound plus explicit ptr >= end_ptr / ptr + 6 > end_ptr checks and replaces sscanf with a bounded parse_hex4, so a \uXXXX escape (especially a lone high surrogate) near the end of the input can no longer cause an out?of?bounds read; invalid escapes are now rejected instead of silently continuing.",True,https://github.com/esnet/iperf/commit/91f2fa59e8ed80dfbf400add0164ee0e508e412a,91f2fa59e8ed80dfbf400add0164ee0e508e412a
180535,CVE-2016-3134,CWE-119,linux,Not_Fixing,Log-level change for an underflow error message; no security fix and no guard strengthened.,False,https://github.com/torvalds/linux/commit/54d83fc74aa9ec72794373cb47432c5f7fb1a309,54d83fc74aa9ec72794373cb47432c5f7fb1a309
180563,CVE-2016-2550,CWE-399,linux,Fixing,"Releases the leaked user_struct reference held by scm_fp_list on SCM cookie destruction, fixing a refcount leak (DoS); a resource?lifetime fix, not a guard?condition change.",False,https://github.com/torvalds/linux/commit/415e3d3e90ce9e18727e8843ae343eda5a58fad6,415e3d3e90ce9e18727e8843ae343eda5a58fad6
180597,CVE-2016-2324,CWE-119,git,Not_Fixing,"Removes an unused path parameter from the mark_object callback signature; a refactoring cleanup, not a security fix and no guard is strengthened.",False,https://github.com/git/git/commit/de1e67d0703894cb6ea782e36abb63976ab07e60,de1e67d0703894cb6ea782e36abb63976ab07e60
180628,CVE-2015-8970,CWE-476,linux,Fixing,"Fixes the release path to free the correct crypto_skcipher (tfm->skcipher) and additionally frees the skcipher_tfm wrapper, correcting a type confusion and a leak; a lifetime/type fix.",False,https://github.com/torvalds/linux/commit/dd504589577d8e8e70f51f997ad487a4cb6c026f,dd504589577d8e8e70f51f997ad487a4cb6c026f
180662,CVE-2015-8839,CWE-362,linux,Fixing,"Adds i_mmap_sem locking around the page?cache truncation and block?removal section of ext4_punch_hole (and reorders the DIO wait earlier) to serialize hole punching against page faults and DIO, closing a data?corruption race.",True,https://github.com/torvalds/linux/commit/ea3d7209ca01da209cda6f0dea8be9cc4b7a933b,ea3d7209ca01da209cda6f0dea8be9cc4b7a933b
180684,CVE-2015-8631,CWE-119,krb5,Fixing,"Moves the GSS?buffer releases into the exit_func label so they run on all exit paths and initializes the buffers to GSS_C_EMPTY_BUFFER, fixing a GSS?buffer memory leak on setup_gss_names/krb5_unparse_name failure paths (DoS) while preventing gss_release_buffer from being called on uninitialized descriptors.",False,https://github.com/krb5/krb5/commit/83ed75feba32e46f736fcce0d96a0445f29b96c2,83ed75feba32e46f736fcce0d96a0445f29b96c2
180787,CVE-2012-6689,CWE-284,linux,Fixing,"Adds dst_pid to the netlink_capable(..., NL_NONROOT_SEND) guard in netlink_sendmsg, so unprivileged processes can no longer send unicast netlink messages to arbitrary PIDs (previously only multicast was capability-checked), closing a local spoofing/injection vector.",True,https://github.com/torvalds/linux/commit/20e1db19db5d6b9e4e83021595eab0dc8f107bef,20e1db19db5d6b9e4e83021595eab0dc8f107bef
180812,CVE-2017-17857,CWE-119,linux,Fixing,"Adds the missing return -EACCES; for non?constant var_off in check_stack_boundary, so the verifier now rejects variable?offset stack accesses rather than approving them based on the tnum minimum value while the runtime offset can exceed that bound — closing a BPF verifier bypass that could yield out?of?bounds stack access.",True,https://github.com/torvalds/linux/commit/ea25f914dc164c8d56b36147ecc86bc65f83c469,ea25f914dc164c8d56b36147ecc86bc65f83c469
180817,CVE-2017-17853,CWE-119,linux,Fixing,"Drops signed bounds entirely after an unsigned right shift so they can be re?derived soundly from the unsigned bounds, preventing the verifier from under?approximating the range and allowing an OOB?access bypass.",True,https://github.com/torvalds/linux/commit/4374f256ce8182019353c0c639bb8d0695b4c941,4374f256ce8182019353c0c639bb8d0695b4c941
180878,CVE-2017-15951,CWE-20,linux,Fixing,"Replaces a racy manual read of KEY_FLAG_NEGATIVE + key->reject_error with the canonical key_read_state() accessor, which reads both consistently (READ_ONCE + matching barrier), preventing a data race that could surface a stale/torn error from wait_for_key_construction.",True,https://github.com/torvalds/linux/commit/363b02dab09b3226f3bd1420dad9c72b79a42a76,363b02dab09b3226f3bd1420dad9c72b79a42a76
180897,CVE-2017-15277,CWE-200,imagemagick,Fixing,"Zero?initializes the global colormap buffer so that when the GIF has no global color table, frames that fall back to it read defined zeros instead of uninitialized heap memory (uninitialized?memory/info?leak fix, not a guard change).",False,https://github.com/ImageMagick/ImageMagick/commit/9fd10cf630832b36a588c1545d8736539b2f1fb5,9fd10cf630832b36a588c1545d8736539b2f1fb5
180910,CVE-2017-15033,CWE-772,imagemagick,Fixing,Frees the scanline buffer on the various error/return paths in ReadYUVImage to fix a memory leak/DoS; a resource-cleanup fix.,False,https://github.com/ImageMagick/ImageMagick/commit/ef8f40689ac452398026c07da41656a7c87e4683,ef8f40689ac452398026c07da41656a7c87e4683
180928,CVE-2017-14341,CWE-400,imagemagick,Fixing, Adds a Rec.RecordLength > GetBlobSize(image) guard in the WPG level?1 parser so an oversized record length can’t drive subsequent DataOffset/seeks past the end of the blob.,True,https://github.com/ImageMagick/ImageMagick/commit/4eae304e773bad8a876c3c26fdffac24d4253ae4,4eae304e773bad8a876c3c26fdffac24d4253ae4
180932,CVE-2017-14174,CWE-834,imagemagick,Fixing,Adds an EOFBlob check in the PSD layer blending?ranges loop so a truncated file cannot make the parser read past the end of the blob.,True,https://github.com/ImageMagick/ImageMagick/commit/f68a98a9d385838a1c73ec960a14102949940a64,f68a98a9d385838a1c73ec960a14102949940a64
180944,CVE-2017-14106,CWE-369,linux,Fixing,"Initializes rcv_mss to a non?zero minimum during TCP disconnect to avoid a division?by?zero in __tcp_select_window(); a missing?initialization fix, not a guard?condition change.",False,https://github.com/torvalds/linux/commit/499350a5a6e7512d9ed369ed63a4244b6536f4f8,499350a5a6e7512d9ed369ed63a4244b6536f4f8
180999,CVE-2017-13048,CWE-125,tcpdump,Fixing,"Moves the bw.i bandwidth read in the RSVP_OBJ_FASTREROUTE handling to after the per?case obj_tlen length checks, so the read is now actually gated by those bounds checks instead of executing unconditionally — closing an out?of?bounds read when the FRR object payload is shorter than the struct.",True,https://github.com/the-tcpdump-group/tcpdump/commit/3c8a2b0e91d8d8947e89384dacf6b54673083e71,3c8a2b0e91d8d8947e89384dacf6b54673083e71
181152,CVE-2017-12643,CWE-770,imagemagick,Fixing,"Adds a length > GetBlobSize(image) guard before allocating/reading each MNG chunk, rejecting truncated/oversized chunk declarations that previously led to processing uninitialized heap data.",True,https://github.com/ImageMagick/ImageMagick/commit/9eedb5660f1704cde8e8cd784c5c2a09dd2fd60f,9eedb5660f1704cde8e8cd784c5c2a09dd2fd60f
181157,CVE-2017-12427,CWE-772,imagemagick,Fixing,"Adds missing resource cleanup in ProcessMSLScript to prevent memory leaks (DoS); note the shown diff also duplicates the group_info free, which would be a double?free regression if not removed in the actual commit.",False,https://github.com/ImageMagick/ImageMagick/commit/e793eb203e5e0f91f5037aed6585e81b1e27395b,e793eb203e5e0f91f5037aed6585e81b1e27395b
181207,CVE-2017-11449,CWE-20,imagemagick,Not_Fixing,Metadata/registration change declaring MPC/CACHE as seekable?stream formats; not a vulnerability fix and no guard is strengthened.,False,https://github.com/ImageMagick/ImageMagick/commit/b007dd3a048097d8f58949297f5b434612e1e1a3,b007dd3a048097d8f58949297f5b434612e1e1a3
181242,CVE-2017-9995,CWE-119,ffmpeg,Fixing,"Adds a bounds check if (y >= avctx->height) return AVERROR_INVALIDDATA; inside the first run?length output loop of decompress_i. The original loop wrote dst[y * linesize + x] without verifying that y remained within the image height. A crafted stream with a large run value could make y exceed avctx->height, causing an out?of?bounds write past the destination frame buffer. The new check aborts decoding when the write would go past the bottom of the image.",True,https://github.com/FFmpeg/FFmpeg/commit/7ac5067146613997bb38442cb022d7f41321a706,7ac5067146613997bb38442cb022d7f41321a706
181261,CVE-2017-9763,CWE-119,radare2,Fixing,"Replaces a user?length?sized VLA in find_file with a heap allocation and adds free(fpath) on every exit path, preventing stack exhaustion from a very long path while avoiding the corresponding memory leak; a resource?usage/lifetime fix.",False,https://github.com/radare/radare2/commit/65000a7fd9eea62359e6d6714f17b94a99a82edd,65000a7fd9eea62359e6d6714f17b94a99a82edd
181269,CVE-2017-9499,CWE-617,imagemagick,Fixing,"Adds a number_meta_channels > MaxPixelChannels check on the header?supplied value, preventing channel arrays from being sized/indexed out of bounds when the MPC file declares more meta channels than the implementation supports.",True,https://github.com/ImageMagick/ImageMagick/commit/7fd419441bc7103398e313558171d342c6315f44,7fd419441bc7103398e313558171d342c6315f44
181360,CVE-2017-8925,CWE-404,linux,Fixing,"Deletes the unconditional serial->port[1] dereference in omninet_open, preventing a NULL/invalid?pointer dereference on devices that don't provide a valid second port; a removal?of?unsafe?access fix, not a guard?condition change.",False,https://github.com/torvalds/linux/commit/30572418b445d85fcfe6c8fe84c947d2606767d8,30572418b445d85fcfe6c8fe84c947d2606767d8
181375,CVE-2017-8294,CWE-125,yara,Not_Fixing,"Adds a new 0 argument to the yr_re_exec call to match its changed signature; a call?site adaptation, not a security fix and no guard is strengthened.",False,https://github.com/VirusTotal/yara/commit/83d799804648c2a0895d40a19835d9b757c6fa4e,83d799804648c2a0895d40a19835d9b757c6fa4e
181417,CVE-2017-7866,CWE-787,ffmpeg,Fixing,"Strengthens the buffer?size guard (buf_size < 2) and reserves one byte by setting avail_out = buf_size - 1, preventing the NUL terminator from writing past the end of the AVBPrint buffer.",True,https://github.com/FFmpeg/FFmpeg/commit/e371f031b942d73e02c090170975561fabd5c264,e371f031b942d73e02c090170975561fabd5c264
181435,CVE-2017-7533,CWE-362,linux,Fixing,"Switches to the name?snapshot API so the pre?rename dentry name is actually copied (not just pointer?referenced) before d_move/d_exchange mutate it, fixing a use?after?free in the rename notification path; a lifetime/copy fix.",False,https://github.com/torvalds/linux/commit/49d31c2f389acfe83417083e1208422b4091cd9e,49d31c2f389acfe83417083e1208422b4091cd9e
181448,CVE-2017-7472,CWE-404,linux,Fixing,"Removes a BUG_ON(new->thread_keyring) panic in install_thread_keyring, letting the existing error return from install_thread_keyring_to_cred handle the already?installed case; fixes a locally triggerable kernel panic (DoS), not a guard strengthening.",False,https://github.com/torvalds/linux/commit/c9f838d104fed6f2f61d68164712e3204bf5271b,c9f838d104fed6f2f61d68164712e3204bf5271b
181451,CVE-2017-7374,CWE-416,linux,Fixing,"Drops the ci_keyring_key->flags dereference that could be a use?after?free, at the cost of no longer detecting revoked keys in fscrypt_d_revalidate.",True,https://github.com/torvalds/linux/commit/1b53cf9815bb4744958d41f3795d5d5a1d365e2d,1b53cf9815bb4744958d41f3795d5d5a1d365e2d
181457,CVE-2017-7277,CWE-125,linux,Fixing,"Marks skbs enqueued in sock_queue_err_skb with skb_set_err_queue() so downstream error?queue processing (dequeue, flush, memory accounting, destructor) recognizes them correctly, preventing them from being handled as ordinary receive?queue skbs.",False,https://github.com/torvalds/linux/commit/8605330aac5a5785630aec8f64378a54891937cc,8605330aac5a5785630aec8f64378a54891937cc
181473,CVE-2017-7177,CWE-358,suricata,Not_Fixing, Adds a unit?test registration line; not a security fix and no guard is strengthened.,False,https://github.com/inliniac/suricata/commit/4a04f814b15762eb446a5ead4d69d021512df6f8,4a04f814b15762eb446a5ead4d69d021512df6f8
181481,CVE-2017-7177,CWE-358,suricata,Not_Fixing,Test?only adaptation adding IPPROTO_ICMPV6 to IPV6BuildTestPacket calls; not a security fix and no guard is strengthened.,False,https://github.com/inliniac/suricata/commit/4a04f814b15762eb446a5ead4d69d021512df6f8,4a04f814b15762eb446a5ead4d69d021512df6f8
181489,CVE-2017-6850,CWE-476,jasper,Fixing,"Removes a failing lookup path in jp2_box_create0 so an allocated box is never leaked and always has valid ops (unknown?box ops) instead of an uninitialized pointer, preventing a memory leak and a potential invalid function?pointer dereference.",True,https://github.com/mdadams/jasper/commit/e96fc4fdd525fa0ede28074a7e2b1caf94b58b0d,e96fc4fdd525fa0ede28074a7e2b1caf94b58b0d
181495,CVE-2017-6850,CWE-476,jasper,Fixing,"Initializes pclr->bpc to NULL in jp2_pclr_getdata so the box teardown path frees NULL (a no?op) instead of an uninitialized pointer when parsing fails before the bpc allocation, preventing an invalid free.",False,https://github.com/mdadams/jasper/commit/e96fc4fdd525fa0ede28074a7e2b1caf94b58b0d,e96fc4fdd525fa0ede28074a7e2b1caf94b58b0d
181574,CVE-2017-5510,CWE-787,ImageMagick,Fixing,"sizes the QuantumInfo/pixels buffer from next_image rather than image in WritePSDChannel, preventing a heap buffer overflow when the exported (next_image) image is larger than image.",False,https://github.com/ImageMagick/ImageMagick/commit/91cc3f36f2ccbd485a0456bab9aebe63b635da88,91cc3f36f2ccbd485a0456bab9aebe63b635da88
181576,CVE-2017-5509,CWE-787,imagemagick,Not_Fixing,"Formatting?only change (line wrapping of the ThrowBinaryException call); no guard or logic was modified, so no vulnerability is addressed by this diff.",False,https://github.com/ImageMagick/ImageMagick/commit/d4ec73f866a7c42a2e7f301fcd696e5cb7a7d3ab,d4ec73f866a7c42a2e7f301fcd696e5cb7a7d3ab
181595,CVE-2017-3733,CWE-20,openssl,Fixing,"Uses the read?side ETM flag (SSL_READ_ETM) instead of the combined SSL_USE_ETM when computing mac_size for tls1_cbc_remove_padding, so CBC padding/MAC processing on incoming records uses the correct MAC length and constant?time validation holds.",True,https://github.com/openssl/openssl/commit/4ad93618d26a3ea23d36ad5498ff4f59eff3a4d2,4ad93618d26a3ea23d36ad5498ff4f59eff3a4d2
181599,CVE-2017-3733,CWE-20,openssl,Fixing,"Decouples the local ""use EtM"" decision from the peer?set TLS1_FLAGS_ENCRYPT_THEN_MAC flag by switching to a dedicated s->tlsext_use_etm field, so the ServerHello only advertises EtM when the server actually chose it.",True,https://github.com/openssl/openssl/commit/4ad93618d26a3ea23d36ad5498ff4f59eff3a4d2,4ad93618d26a3ea23d36ad5498ff4f59eff3a4d2
181606,CVE-2017-3730,CWE-476,openssl,Fixing,"Adds a ckey == NULL guard after ssl_generate_pkey() in tls_construct_cke_ecdhe, preventing a NULL?pointer dereference in ssl_derive/EVP_PKEY_get1_tls_encodedpoint when key generation fails.",True,https://github.com/openssl/openssl/commit/efbe126e3ebb9123ac9d058aa2bb044261342aaa,efbe126e3ebb9123ac9d058aa2bb044261342aaa
181666,CVE-2016-10192,CWE-119,ffmpeg,Fixing,"Extends the chunk?size check from == 0 to <= 0 so a negative value from strtol can no longer reach FFMIN(..., recv) and wrap into a huge size argument, preventing a heap overflow in the HTTP feed receive path.",True,https://github.com/FFmpeg/FFmpeg/commit/a5d25faa3f4b18dac737fdb35d0dd68eb0dc2156,a5d25faa3f4b18dac737fdb35d0dd68eb0dc2156
181672,CVE-2016-10190,CWE-119,ffmpeg,Fixing,"Represents the “no chunk size” sentinel as UINT64_MAX instead of -1; if chunksize is uint64_t this is functionally a no?op, and if the field type was changed, it is a signedness?consistency fix rather than a new guard.",False,https://github.com/FFmpeg/FFmpeg/commit/2a05c8f813de6f2278827734bf8102291e7484aa,2a05c8f813de6f2278827734bf8102291e7484aa
181674,CVE-2016-10190,CWE-119,ffmpeg,Not_Fixing,Represents the “unknown file size” sentinel as UINT64_MAX and makes old_off unsigned for type consistency; no guard condition was strengthened.,False,https://github.com/FFmpeg/FFmpeg/commit/2a05c8f813de6f2278827734bf8102291e7484aa,2a05c8f813de6f2278827734bf8102291e7484aa
181676,CVE-2016-10190,CWE-119,FFmpeg,Not_Fixing,"Type?consistency refactor for filesize/chunksize/icy_metaint: -1 ? UINT64_MAX sentinel and strtoll ? strtoull for Content-Length/Icy-MetaInt. Behavior is unchanged (the old forms were already equivalent on a uint64_t field), so this hunk does not mitigate a vulnerability on its own.",False,https://github.com/FFmpeg/FFmpeg/commit/2a05c8f813de6f2278827734bf8102291e7484aa,2a05c8f813de6f2278827734bf8102291e7484aa
181736,CVE-2016-10066,CWE-119,imagemagick,Fixing,"Adds the missing SetImageExtent call before decoding so the pixel cache matches the declared FAX image dimensions, preventing out?of?bounds writes during Huffman decoding; a missing?initialization fix.",True,https://github.com/ImageMagick/ImageMagick/commit/f6e9d0d9955e85bdd7540b251cd50d598dacc5e6,f6e9d0d9955e85bdd7540b251cd50d598dacc5e6
181744,CVE-2016-10066,CWE-119,imagemagick,Fixing," Adds the missing SetImageExtent before decoding so the pixel cache matches the declared ICON dimensions, preventing out?of?bounds writes during raster and alpha?mask decoding; a missing?initialization fix.",True,https://github.com/ImageMagick/ImageMagick/commit/f6e9d0d9955e85bdd7540b251cd50d598dacc5e6,f6e9d0d9955e85bdd7540b251cd50d598dacc5e6
181750,CVE-2016-10066,CWE-119,imagemagick,Fixing,"Adds the missing SetImageExtent call before decoding so the pixel cache matches the declared image dimensions, preventing out?of?bounds writes during MAC raster decoding; a missing?initialization fix.",True,https://github.com/ImageMagick/ImageMagick/commit/f6e9d0d9955e85bdd7540b251cd50d598dacc5e6,f6e9d0d9955e85bdd7540b251cd50d598dacc5e6
181838,CVE-2016-9936,CWE-416,php,Fixing,"Parses into a temporary zval and copies on success, avoiding inconsistent cleanup of the caller's return_value on unserialize failure (memory corruption fix). No guard strengthened.",True,https://github.com/php/php-src/commit/b2af4e8868726a040234de113436c6e4f6372d17,b2af4e8868726a040234de113436c6e4f6372d17
181843,CVE-2016-9933,CWE-119,php-src,Fixing,"Adds color < 0 to the top?level guard in gdImageFillToBorder (previously only checked for non?trueColor images), so a negative color is now rejected for true?color images as well, preventing invalid color values from being written into pixel data.",True,https://github.com/php/php-src/commit/863d37ea66d5c960db08d6f4a2cbd2518f0f80d1,863d37ea66d5c960db08d6f4a2cbd2518f0f80d1
181852,CVE-2016-9559,CWE-476,ImageMagick,Not_Fixing,Formatting?only change to the ConcatenateColorComponent call in WriteTXTImage; not a security fix and no guard is strengthened.,False,https://github.com/ImageMagick/ImageMagick/commit/b61d35eaccc0a7ddeff8a1c3abfcd0a43ccf210b,b61d35eaccc0a7ddeff8a1c3abfcd0a43ccf210b
181864,CVE-2016-9557,CWE-190,jasper,Not_Fixing,Type rename ulong ? jas_ulong in encode_twos_comp; not a security fix and no guard is strengthened.,False,https://github.com/mdadams/jasper/commit/d42b2388f7f8e0332c846675133acea151fc557a,d42b2388f7f8e0332c846675133acea151fc557a
181950,CVE-2016-7798,CWE-310,openssl,Not_Fixing,"Adds the id_key_set symbol intern; this is initialization plumbing only, not a guard, and does not mitigate anything locally in Init_ossl_cipher",False,https://github.com/ruby/openssl/commit/8108e0a6db133f3375608303fdd2083eb5115062,8108e0a6db133f3375608303fdd2083eb5115062
181953,CVE-2016-7798,CWE-310,openssl,Fixing,Sets the key_set flag after PKCS#5 key derivation so it reflects the actual cipher state; this corrects the state the guards consume rather than strengthening a guard condition itself.,False,https://github.com/ruby/openssl/commit/8108e0a6db133f3375608303fdd2083eb5115062,8108e0a6db133f3375608303fdd2083eb5115062
181957,CVE-2016-7797,CWE-254,pacemaker,Fixing," Drops the notify_of_new_client(new_client) broadcast in lrmd_remote_listen, so a newly accepted (pre?auth) connection’s details are no longer pushed to all other connected clients; likely closes an information?disclosure / pre?auth notification issue, but no guard condition is strengthened.",False,https://github.com/ClusterLabs/pacemaker/commit/5ec24a2642bd0854b884d1a9b51d12371373b410,5ec24a2642bd0854b884d1a9b51d12371373b410
181975,CVE-2016-7526,CWE-787,imagemagick,Fixing,"Corrects the 2?bpp loop increment from 2 to 4 so it iterates the correct number of times for one byte per iteration, eliminating the out?of?bounds read of the input scanline and out?of?bounds write into the pixel row",True,https://github.com/ImageMagick/ImageMagick/commit/b6ae2f9e0ab13343c0281732d479757a8e8979c7,b6ae2f9e0ab13343c0281732d479757a8e8979c7
181994,CVE-2016-6911,CWE-125,libgd,Fixing,"Captures TIFFReadRGBAImage’s result, gates the pixel?copy loop on success, and enables stop_on_error, so a failed/truncated TIFF decode no longer causes uninitialized/partial RGBA buffer contents to be written into the gd image, and the failure is propagated to the caller.",True,https://github.com/libgd/libgd/commit/4859d69e07504d4b0a4bdf9bcb4d9e3769ca35ae,4859d69e07504d4b0a4bdf9bcb4d9e3769ca35ae
182013,CVE-2016-3183,CWE-125,openjpeg,Fixing,"Widens the dimension variables and their product to size_t in sycc444_to_rgb so the w * h computation used to size the output buffers no longer overflows on 64?bit platforms, keeping the allocation and pixel loop bound consistent with the actual component dimensions.",False,https://github.com/uclouvain/openjpeg/commit/15f081c89650dccee4aa4ae66f614c3fdb268767,15f081c89650dccee4aa4ae66f614c3fdb268767
182094,CVE-2018-1999015,CWE-125,ffmpeg,Fixing,"Adds get_bits_left(gb) < 64*8 bounds checks before each quantization matrix parse and returns an error, preventing bitstream overreads on truncated input.",True,https://github.com/FFmpeg/FFmpeg/commit/5aba5b89d0b1d73164d3b81764828bb8b20ff32a,5aba5b89d0b1d73164d3b81764828bb8b20ff32a
182099,CVE-2018-1999010,CWE-125,ffmpeg,Fixing,Adds a end - p >= 74 bounds check around the ASF stream?header parse (preventing an out?of?bounds read of flags at offset 72) and a chunksize > end - p check in the head1_guid branch (preventing p from advancing past the buffer).,True,https://github.com/FFmpeg/FFmpeg/commit/cced03dd667a5df6df8fd40d8de0bff477ee02e8,cced03dd667a5df6df8fd40d8de0bff477ee02e8
182162,CVE-2018-19044,CWE-59,keepalived,Fixing,"Switches fopen ? fopen_safe when creating the tracked?file init value in vrrp_tfile_end_handler, so the daemon no longer follows symlinks at that path and a local attacker can’t use a planted symlink to truncate/overwrite an arbitrary file.",True,https://github.com/acassen/keepalived/commit/04f2d32871bb3b11d7dc024039952f2fe2750306,04f2d32871bb3b11d7dc024039952f2fe2750306
182213,CVE-2018-16643,CWE-20,imagemagick,Not_Fixing,Adds a write?error check on fputc for the PWP temp?file dump; not a security fix and does not strengthen a guard against a vulnerability.,False,https://github.com/ImageMagick/ImageMagick/commit/6b6bff054d569a77973f2140c0e86366e6168a6c,6b6bff054d569a77973f2140c0e86366e6168a6c
182330,CVE-2018-13303,CWE-476,ffmpeg,Fixing, Adds a check on init_get_bits8’s return value so an invalid size/buffer aborts before ff_ac3_parse_header runs on an uninitialized GetBitContext.,True,https://github.com/FFmpeg/FFmpeg/commit/00e8181bd97c834fe60751b0c511d4bb97875f78,00e8181bd97c834fe60751b0c511d4bb97875f78
182450,CVE-2018-8789,CWE-125,FreeRDP,Not_Fixing,Adds the static keyword to ntlm_read_message_header (linkage/visibility cleanup); not a security fix and no guard is strengthened.,False,https://github.com/FreeRDP/FreeRDP/commit/2ee663f39dc8dac3d9988e847db19b2d7e3ac8c6,2ee663f39dc8dac3d9988e847db19b2d7e3ac8c6
182467,CVE-2018-8785,CWE-119,FreeRDP,Not_Fixing,"Type change and zero?initialization of extra in zgfx_decompress_segment; since extra is always assigned before use, this is a defensive/cleanup change with no security impact.",False,https://github.com/FreeRDP/FreeRDP/commit/602f4a2e14b41703b5f431de3154cd46a5750a2d,602f4a2e14b41703b5f431de3154cd46a5750a2d
182495,CVE-2018-7186,CWE-119,leptonica,Not_Fixing,Renames the L_BUF_SIZE constant to L_BUFSIZE in gplotAddPlot’s buffer and snprintf calls; not a security fix and no guard is strengthened.,False,https://github.com/DanBloomberg/leptonica/commit/ee301cb2029db8a6289c5295daa42bba7715e99a,ee301cb2029db8a6289c5295daa42bba7715e99a
182545,CVE-2017-18344,CWE-125,linux,Fixing,"Rewrites good_sigevent’s sigev_notify validation as an explicit switch allow?list with a default: return NULL, so unrecognized sigev_notify values that previously passed the bitwise checks can no longer reach timer creation with an invalid event type.",True,https://github.com/torvalds/linux/commit/cef31d9af908243421258f1df35a4a644604efbe,cef31d9af908243421258f1df35a4a644604efbe
182621,CVE-2016-5314,CWE-787,libtiff,Not_Fixing,The snippets are functionally identical ,False,https://github.com/vadz/libtiff/commit/391e77fcd217e78b2c51342ac3ddb7100ecacdd2,391e77fcd217e78b2c51342ac3ddb7100ecacdd2
182623,CVE-2015-9253,CWE-400,php-src,Fixing,"Duplicates the listening socket in each forked worker (fpm_globals.listening_socket = dup(wp->listening_socket)), giving the child its own descriptor so it no longer depends on the master's copy — a resource?ownership/lifetime fix, not a guard?condition change.",False,https://github.com/php/php-src/commit/69dee5c732fe982c82edb17d0dbc3e79a47748d8,69dee5c732fe982c82edb17d0dbc3e79a47748d8
182624,CVE-2015-9253,CWE-400,php-src,Not_Fixing,"Same patch as before — removes the dup2(listening_socket, STDIN_FILENO) step from fpm_stdio_init_child as part of switching the child to its own duplicated listening socket; a refactoring cleanup, not a security fix and no guard is strengthened.",False,https://github.com/php/php-src/commit/69dee5c732fe982c82edb17d0dbc3e79a47748d8,69dee5c732fe982c82edb17d0dbc3e79a47748d8
182659,CVE-2019-17541,,ImageMagick,Fixing,Moves error_manager->profile = NULL; ahead of the i != length guard so the error path no longer leaves a dangling profile pointer — a guard?path behavior change that removes a use?after?free / double?free.,True,https://github.com/ImageMagick/ImageMagick/commit/39f226a9c137f547e12afde972eeba7551124493,39f226a9c137f547e12afde972eeba7551124493
182660,CVE-2019-17541,,ImageMagick,Not_Fixing,"Comment?only reformatting in ReadIPTCProfile; no code change, no security fix, and no guard is strengthened.",False,https://github.com/ImageMagick/ImageMagick/commit/39f226a9c137f547e12afde972eeba7551124493,39f226a9c137f547e12afde972eeba7551124493
182709,CVE-2019-15166,CWE-20,tcpdump,Not_Fixing,"Cosmetic change to the truncation?message print at trunc: in lmp_print; no bounds check, validation, or control?flow change, so no security fix and no guard strengthened.",False,https://github.com/the-tcpdump-group/tcpdump/commit/0b661e0aa61850234b64394585cf577aac570bf4,0b661e0aa61850234b64394585cf577aac570bf4
182767,CVE-2019-13307,CWE-119,imagemagick,Fixing,"Sizes the pixel thread?set array to max(image list length, thread count) so it can’t be indexed out of bounds when the image list is longer than the thread limit; an allocation?size correction, not a guard change.",True,https://github.com/ImageMagick/ImageMagick6/commit/91e58d967a92250439ede038ccfb0913a81e59fe,91e58d967a92250439ede038ccfb0913a81e59fe
182863,CVE-2019-11599,CWE-362,linux,Fixing,"Adds a mmget_still_valid(mm) guard in find_extend_vma before expand_stack, so the stack?grow path no longer mutates vm_start while a coredump (or another mm?teardown operation) is in progress — preventing VMA?layout corruption / UAF in the coredump path.",True,https://github.com/torvalds/linux/commit/04f5866e41fb70690e28397487d8bd8eea7d712a,04f5866e41fb70690e28397487d8bd8eea7d712a
182897,CVE-2019-9003,CWE-416,linux,Fixing,"Adds the required cleanup_srcu_struct before freeing the ipmi_user, preventing SRCU state from referencing freed memory (UAF/leak fix); a resource?lifetime fix, not a guard?condition change.",False,https://github.com/torvalds/linux/commit/77f8269606bf95fcb232ee86f6da80886f1dfae8,77f8269606bf95fcb232ee86f6da80886f1dfae8
182905,CVE-2019-6978,CWE-415,php-src,Not_Fixing,"Refactors gdImageGifCtx into a thin wrapper that calls _gdImageGifCtx; no guard is added, tightened, or fixed in the target function, so this hunk does not mitigate a vulnerability.",False,https://github.com/php/php-src/commit/089f7c0bc28d399b0420aa6ef058e4c1c120b2ae,089f7c0bc28d399b0420aa6ef058e4c1c120b2ae
182907,CVE-2019-6978,CWE-415,php-src,Not_Fixing,"Refactors gdImageJpegCtx into a thin wrapper that calls _gdImageJpegCtx; no guard is added, tightened, or fixed in the target function, so this hunk does not mitigate a vulnerability.",False,https://github.com/php/php-src/commit/089f7c0bc28d399b0420aa6ef058e4c1c120b2ae,089f7c0bc28d399b0420aa6ef058e4c1c120b2ae
183000,CVE-2018-14882,CWE-125,tcpdump,Not_Fixing,"Cosmetic change to the truncation?message print at trunc: in rpl_dao_print; no bounds check, validation, or control?flow change, so no security fix and no guard strengthened.",False,https://github.com/the-tcpdump-group/tcpdump/commit/d7505276842e85bfd067fa21cdb32b8a2dc3c5e4,d7505276842e85bfd067fa21cdb32b8a2dc3c5e4
183122,CVE-2016-5842,CWE-125,imagemagick,Not_Fixing,The snippets are functionally identical ,False,https://github.com/ImageMagick/ImageMagick/commit/d8ab7f046587f2e9f734b687ba7e6e10147c294b,d8ab7f046587f2e9f734b687ba7e6e10147c294b
183159,CVE-2015-8952,CWE-19,linux,Not_Fixing,Drops a redundant ext4_xattr_put_super() call from ext4_put_super (the same cache teardown happens later via ext4_xattr_destroy_cache); not a security fix and no guard is strengthened.,False,https://github.com/torvalds/linux/commit/82939d7999dfc1f1998c4b1c12e2f19edbdff272,82939d7999dfc1f1998c4b1c12e2f19edbdff272
183210,CVE-2017-11523,CWE-835,imagemagick,Fixing,Adds an EOFBlob check after the pixel loop so a truncated TXT image can’t cause the decoder to treat stale buffer contents as a new MagickID header and loop/allocate unboundedly.,True,https://github.com/ImageMagick/ImageMagick/commit/83e0f8ffd7eeb7661b0ff83257da23d24ca7f078,83e0f8ffd7eeb7661b0ff83257da23d24ca7f078
183326,CVE-2014-9907,CWE-20,imagemagick,Fixing,"Hoists the EOFBlob guard out of the MIPMAP?only branch so it applies to every DDS reaching SkipDXTMipmaps, rejecting truncated non?mipmap DDS files that previously bypassed the check.",True,https://github.com/ImageMagick/ImageMagick/commit/21eae25a8db5fdcd112dbcfcd9e5c37e32d32e2f,21eae25a8db5fdcd112dbcfcd9e5c37e32d32e2f
183404,CVE-2019-11339,CWE-125,ffmpeg,Fixing,"Resets s->interlaced_dct per VOP to avoid stale decoder state; this is a state?initialization fix, not a guard strengthening.",False,https://github.com/FFmpeg/FFmpeg/commit/1f686d023b95219db933394a7704ad9aa5f01cbb,1f686d023b95219db933394a7704ad9aa5f01cbb
183628,CVE-2011-3906,CWE-119,chrome,Not_Fixing,"Scales windowInfo.windowSize by the inverse device scale factor when the compositor doesn't apply page scale in TextAutosizer::processSubtree, correcting the text?autosizing window size to logical pixels (a behavior fix, not a security fix); no guard is strengthened.",False,https://github.com/chromium/chromium/commit/60c9d8a39e4aa78dd51c236bd1b2c4f17c9d27fe,60c9d8a39e4aa78dd51c236bd1b2c4f17c9d27fe
183702,CVE-2011-3897,CWE-399,chrome,Fixing,"DidFinishPrinting(FAIL_PRINT) on the InitPrintSettingsAndPrepareFrame failure path in PrintWebViewHelper::Print, so the print helper’s state and resources are torn down instead of being left stale/leaked; a cleanup/state?reset fix, not a guard?condition change.",False,https://github.com/chromium/chromium/commit/c7a90019bf7054145b11d2577b851cf2779d3d79,c7a90019bf7054145b11d2577b851cf2779d3d79
183704,CVE-2011-3897,CWE-399,chrome,Not_Fixing,"Adds a const_cast to the ranges assignment in PrintSettingsInitializerWin::InitPrintSettings to match a changed assignment?operator signature; a compile?fix/refactor, not a security fix and no guard is strengthened.",False,https://github.com/chromium/chromium/commit/c7a90019bf7054145b11d2577b851cf2779d3d79,c7a90019bf7054145b11d2577b851cf2779d3d79
183732,CVE-2011-2880,CWE-399,chrome,Fixing,"Removes the explicit delete callback; in NaClProcessHost::OnProcessLaunched’s failure path — since callback_factory_ already owns and frees the callback, the extra delete was a double?free; the fix restores single?ownership, not a guard?condition change.",False,https://github.com/chromium/chromium/commit/4c19b042ea31bd393d2265656f94339d1c3d82ff,4c19b042ea31bd393d2265656f94339d1c3d82ff
183733,CVE-2011-2880,CWE-399,chrome,Fixing,"Switches DeviceStopAutoRetry() to ResetDevicePolicy() on the auth?cancelled path in EnterpriseEnrollmentScreen, so cancelling enrollment clears device policy state instead of leaving stale/partial policy behind — a state?reset security fix, not a guard?condition change.",False,https://github.com/chromium/chromium/commit/244c78b3f737f2cacab2d212801b0524cbcc3a7b,244c78b3f737f2cacab2d212801b0524cbcc3a7b
183736,CVE-2011-2880,CWE-399,chrome,Fixing,"Renames DeviceStopAutoRetry to ResetDevicePolicy and calls Reset() instead of StopAutoRetry() on the device cloud policy subsystem, so the device policy state is fully cleared (not just retry?paused) — a state?reset security fix, not a guard?condition change.",False,https://github.com/chromium/chromium/commit/244c78b3f737f2cacab2d212801b0524cbcc3a7b,244c78b3f737f2cacab2d212801b0524cbcc3a7b
183737,CVE-2011-2880,CWE-399,chrome,Not_Fixing,Pure rename (SetDeviceCredentials ? RegisterForDevicePolicy); not a security fix and no guard is strengthened.,False,https://github.com/chromium/chromium/commit/244c78b3f737f2cacab2d212801b0524cbcc3a7b,244c78b3f737f2cacab2d212801b0524cbcc3a7b
183738,CVE-2011-2880,CWE-399,chrome,Not_Fixing,"Comment?wording change in CloudPolicyController::SetState; no code change, no security fix, and no guard is strengthened.",False,https://github.com/chromium/chromium/commit/244c78b3f737f2cacab2d212801b0524cbcc3a7b,244c78b3f737f2cacab2d212801b0524cbcc3a7b
183739,CVE-2011-2880,CWE-399,chrome,Fixing,"Renames StopAutoRetry to Reset and changes its body to SetState(STATE_TOKEN_UNAVAILABLE) so the cloud policy controller is actually reset to a clean state (rather than just having its pending work cancelled) — a state?reset security fix, not a guard?condition change.",False,https://github.com/chromium/chromium/commit/244c78b3f737f2cacab2d212801b0524cbcc3a7b,244c78b3f737f2cacab2d212801b0524cbcc3a7b
183740,CVE-2011-2880,CWE-399,chrome,Fixing,"Renames StopAutoRetry to Reset and expands the reset to include cloud_policy_cache_->Reset() and the controller’s new Reset() semantics, so cancelling enrollment fully clears the device?policy pipeline (cache, controller, token fetcher, data store) instead of only pausing retries — a state?reset security fix, not a guard?condition change.",False,https://github.com/chromium/chromium/commit/244c78b3f737f2cacab2d212801b0524cbcc3a7b,244c78b3f737f2cacab2d212801b0524cbcc3a7b
183742,CVE-2011-2880,CWE-399,chrome,Not_Fixing,"Renames DeviceTokenFetcher::StopAutoRetry to Reset and changes its body to SetState(STATE_INACTIVE), so the device token fetcher is fully reset to an inactive state (rather than just having its pending work cancelled) — a state?reset security fix, not a guard?condition change.",False,https://github.com/chromium/chromium/commit/244c78b3f737f2cacab2d212801b0524cbcc3a7b,244c78b3f737f2cacab2d212801b0524cbcc3a7b
183743,CVE-2011-2881,CWE-119,chrome,Not_Fixing," Removes the setNeedsCommitThenRedraw() call from CCLayerTreeHost::initialize; a compositor scheduling/behavior change, not a security fix and no guard is strengthened.",False,https://github.com/chromium/chromium/commit/88c4913f11967abfd08a8b22b4423710322ac49b,88c4913f11967abfd08a8b22b4423710322ac49b
183745,CVE-2011-2881,CWE-119,chrome,Not_Fixing,"Refactors scheduleBeginFrameAndCommit to call m_proxy->postBeginFrameAndCommitOnCCThread() instead of inlining the task creation and post; a code?organization change, not a security fix and no guard is strengthened.",False,https://github.com/chromium/chromium/commit/88c4913f11967abfd08a8b22b4423710322ac49b,88c4913f11967abfd08a8b22b4423710322ac49b
183748,CVE-2011-2881,CWE-119,chrome,Not_Fixing,"Adds a test?only EXPECT_EQ(0, m_numDraws) assertion in commitCompleteOnCCThread; a test check, not a production security fix, and no guard is strengthened in shipped code.",False,https://github.com/chromium/chromium/commit/88c4913f11967abfd08a8b22b4423710322ac49b,88c4913f11967abfd08a8b22b4423710322ac49b
183749,CVE-2011-2881,CWE-119,chrome,Not_Fixing,"Removes two test?harness assertions/state updates (ASSERT(!m_running); m_running = true;) from doBeginTest; a test?only change, not a security fix and no production guard is strengthened.",False,https://github.com/chromium/chromium/commit/88c4913f11967abfd08a8b22b4423710322ac49b,88c4913f11967abfd08a8b22b4423710322ac49b
183751,CVE-2011-2881,CWE-119,chrome,Not_Fixing,"Adds RunAllPendingMessages() before teardown in the test?only onEndTest; a test?determinism tweak, not a security fix and no production guard is strengthened.",False,https://github.com/chromium/chromium/commit/88c4913f11967abfd08a8b22b4423710322ac49b,88c4913f11967abfd08a8b22b4423710322ac49b
183827,CVE-2011-2828,CWE-119,chrome,Fixing,"Makes the favicon dominant?color callback fire unconditionally with a default color instead of only on a valid favicon; a behavior/refactor change, not a security fix and no guard is strengthened.",True,https://github.com/chromium/chromium/commit/abbd2f4b36da8c89e6f3002eb84f60064a6ff067,abbd2f4b36da8c89e6f3002eb84f60064a6ff067
183835,CVE-2011-2839,CWE-20,chrome,Not_Fixing,"The two snippets belong to different functions; the change to FinishCurrentUtterance is not shown, so no security fix or guard strengthening can be assessed from this pair.",False,https://github.com/chromium/chromium/commit/c63f2b7fe4fe2977f858a8e36d5f48db17eff2e7,c63f2b7fe4fe2977f858a8e36d5f48db17eff2e7
183925,CVE-2011-2803,CWE-119,Chrome,Not_Fixing,Formatting?only change to a test assertion helper; not a security fix and no guard is strengthened.,False,https://github.com/chromium/chromium/commit/48f2ec5c24570c9b96bb2798a9ffe956117c5066,48f2ec5c24570c9b96bb2798a9ffe956117c5066
184061,CVE-2011-2350,CWE-20,chrome,Not_Fixing,"Uses a helper to build the same ""not enough arguments"" error; a code?cleanup change in a test binding, not a security fix and no guard is strengthened.",False,https://github.com/chromium/chromium/commit/b944f670bb7a8a919daac497a4ea0536c954c201,b944f670bb7a8a919daac497a4ea0536c954c201
184278,CVE-2012-5108,CWE-362,chrome,Not_Fixing,Removes a lock and null check as part of a type change for audio_thread_; not a security fix.,True,https://github.com/chromium/chromium/commit/6d2aef28cb0b677af468ebf3e32a176a7c37086e,6d2aef28cb0b677af468ebf3e32a176a7c37086e
184393,CVE-2012-2891,CWE-200,chrome,Not_Fixing,Refactors an existence check to ContainsKey; no security fix and no guard strengthened.,False,https://github.com/chromium/chromium/commit/116d0963cadfbf55ef2ec3d13781987c4d80517a,116d0963cadfbf55ef2ec3d13781987c4d80517a
184490,CVE-2012-2870,CWE-399,Chrome,Fixing,"Adds if (ctxt->error) return; after xsltCompileIdKeyPattern, so a failed sub?parse aborts xsltCompileLocationPathPattern instead of continuing to inspect input and push operations on top of an already?errored state.",True,https://github.com/chromium/chromium/commit/9939d35f9827ed0929646607cbdb071af627ac38,9939d35f9827ed0929646607cbdb071af627ac38
184534,CVE-2012-2862,CWE-399,Chrome,Not_Fixing,"Refactors GetAccelerator to forward mask directly to the updated Accelerator constructor; no bounds check, validation, or guard is added, tightened, or fixed in the target function.",False,https://github.com/chromium/chromium/commit/c4f40933f2cd7f975af63e56ea4cdcdc6c636f73,c4f40933f2cd7f975af63e56ea4cdcdc6c636f73
184540,CVE-2012-2816,,Chrome,Fixing,Adds a INTEGRITY_LEVEL_UNTRUSTED case to GetIntegrityLevelString so that enum value returns the correct SID string instead of falling through to NOTREACHED(); a missing?case/robustness fix,True,https://github.com/chromium/chromium/commit/48fae61b8a6c9b741f001d478c595b6c7c0af4d9,48fae61b8a6c9b741f001d478c595b6c7c0af4d9
184745,CVE-2011-3099,CWE-399,Chrome,Not_Fixing,"Reorders webkitWebViewBaseSetInspectorViewHeight so the height is always stored and only the resize is conditional on the inspector view existing, fixing a stale?height/state?consistency issue rather than a security vulnerability.",False,https://github.com/chromium/chromium/commit/3bbc818ed1a7b63b8290bbde9ae975956748cb8a,3bbc818ed1a7b63b8290bbde9ae975956748cb8a
184835,CVE-2013-6640,CWE-119,chrome,Not_Fixing,Schema adaptation to a restructured protobuf field (facet(j).id() instead of facet(j)); not a security fix and no guard is strengthened.,False,https://github.com/chromium/chromium/commit/516abadc2553489ce28faeea4917280032fbe91d,516abadc2553489ce28faeea4917280032fbe91d
184854,CVE-2013-6630,CWE-189,chrome,Not_Fixing,"Macro rename from ARRAYSIZE_UNSAFE to arraysize for the register array loop bound; a cosmetic/API cleanup, not a security fix and no guard is strengthened.",False,https://github.com/chromium/chromium/commit/805eabb91d386c86bd64336c7643f6dfa864151d,805eabb91d386c86bd64336c7643f6dfa864151d
184943,CVE-2013-2870,CWE-399,chrome,Not_Fixing,Syntactic change of a null check (context_.get() ? context_) accompanying a type change; not a security fix,False,https://github.com/chromium/chromium/commit/ca8cc70b2de822b939f87effc7c2b83bac280a44,ca8cc70b2de822b939f87effc7c2b83bac280a44
185001,CVE-2013-2877,CWE-119,Chrome,Fixing,"Adds an XML_PARSER_EOF check after inputPush in xmlPushInput so GROW (and any further parsing) is not executed once the parser has already reached end?of?input, preventing the reader from being invoked on an exhausted/consumed parser state.",True,https://github.com/chromium/chromium/commit/d0947db40187f4708c58e64cbd6013faf9eddeed,d0947db40187f4708c58e64cbd6013faf9eddeed
185019,CVE-2013-2858,CWE-416,Chrome,Not_Fixing,"Replaces persistent?pref writes of per?day original/received byte counts with in?memory original_.Add / received_.Add accumulations, removing the persistence of that usage data (privacy/behavioral fix); no guard is added or tightened.",False,https://github.com/chromium/chromium/commit/828eab2216a765dea92575c290421c115b8ad028,828eab2216a765dea92575c290421c115b8ad028
185021,CVE-2013-2858,CWE-416,Chrome,Not_Fixing,"Redirects GetOriginalListPrefValue to read from the in?memory accumulator instead of the persistent pref list; a storage?target refactor, not a security fix and no guard is strengthened.",False,https://github.com/chromium/chromium/commit/828eab2216a765dea92575c290421c115b8ad028,828eab2216a765dea92575c290421c115b8ad028
185022,CVE-2013-2858,CWE-416,Chrome,Not_Fixing,"Redirects GetReceivedListPrefValue to read from the in?memory accumulator instead of the persistent pref list; a storage?target refactor, not a security fix and no guard is strengthened.",False,https://github.com/chromium/chromium/commit/828eab2216a765dea92575c290421c115b8ad028,828eab2216a765dea92575c290421c115b8ad028
185072,CVE-2013-0886,,chrome,Not_Fixing,Function is rewritten to use SwapBuffersPrepare/SwapBuffersCompleted and the explicit protection_state_id check visible in the “before” snippet no longer appears in this function; whether this strengthens or weakens the protection guard cannot be determined without the helper implementations.,False,https://github.com/chromium/chromium/commit/18d67244984a574ba2dd8779faabc0e3e34f4b76,18d67244984a574ba2dd8779faabc0e3e34f4b76
185236,CVE-2012-5152,CWE-119,Chrome,Not_Fixing,"Adds kSamplesPerSecond to the delegated Initialize call to match a changed overload; a call?site adaptation, not a security fix and no guard is strengthened.",False,https://github.com/chromium/chromium/commit/802ecdb9cee0d66fe546bdf24e98150f8f716ad8,802ecdb9cee0d66fe546bdf24e98150f8f716ad8
185238,CVE-2012-5152,CWE-119,Chrome,Not_Fixing,Test?only change to derive the default buffer size / frames?requested from algorithm_.samples_per_second() and reduce the frame multiplier from 5 to 2; not a security fix and no guard is strengthened.,False,https://github.com/chromium/chromium/commit/802ecdb9cee0d66fe546bdf24e98150f8f716ad8,802ecdb9cee0d66fe546bdf24e98150f8f716ad8
185239,CVE-2012-5152,CWE-119,Chrome,Not_Fixing,Test?only change deriving defaults from algorithm_.samples_per_second() and reducing the frame multiplier from 5 to 2; not a security fix and no guard is strengthened.,False,https://github.com/chromium/chromium/commit/802ecdb9cee0d66fe546bdf24e98150f8f716ad8,802ecdb9cee0d66fe546bdf24e98150f8f716ad8
185807,CVE-2015-1274,CWE-254,Chrome,Fixing,"Uses equalIgnoringASCIICase instead of equalIgnoringCase when matching aria-hidden against ""false"", so only ASCII case variants of ""false"" are accepted and non?ASCII lookalikes can no longer be treated as aria-hidden=""false"" — a stricter check on a visibility decision.",True,https://github.com/chromium/chromium/commit/d27468a832d5316884bd02f459cbf493697fd7e1,d27468a832d5316884bd02f459cbf493697fd7e1
186139,CVE-2015-8126,CWE-119,Chrome,Not_Fixing,"Rewrites 16?bit channel reads in png_do_rgb_to_gray to an explicit hi/lo idiom; functionally equivalent to the previous (*(sp) << 8) | *(sp+1) form, so this is not a security fix and no guard is strengthened.",False,https://github.com/chromium/chromium/commit/7f3d85b096f66870a15b37c2f40b219b2e292693,7f3d85b096f66870a15b37c2f40b219b2e292693
186146,CVE-2015-8126,CWE-119,Chrome,Fixing,"Casts each byte term of profile_size to png_uint_32 in png_handle_iCCP, so the OR that builds the profile length is evaluated in unsigned 32?bit instead of signed int — a signedness/explicitness fix that does not change the computed value on mainstream platforms and does not add or tighten a guard.",False,https://github.com/chromium/chromium/commit/7f3d85b096f66870a15b37c2f40b219b2e292693,7f3d85b096f66870a15b37c2f40b219b2e292693
186163,CVE-2015-8126,CWE-119,Chrome,Not_Fixing,Wraps the local interlace array declarations in #ifndef PNG_USE_GLOBAL_ARRAYS (build?configuration change for stack?constrained builds); not a security fix and no guard is strengthened.,False,https://github.com/chromium/chromium/commit/7f3d85b096f66870a15b37c2f40b219b2e292693,7f3d85b096f66870a15b37c2f40b219b2e292693
186164,CVE-2015-8126,CWE-119,Chrome,Not_Fixing,Same patch as the previous pair — wraps the local interlace array declarations in png_write_start_row under #ifndef PNG_USE_GLOBAL_ARRAYS (build?configuration change for stack?constrained builds); not a security fix and no guard is strengthened.,False,https://github.com/chromium/chromium/commit/7f3d85b096f66870a15b37c2f40b219b2e292693,7f3d85b096f66870a15b37c2f40b219b2e292693
186444,CVE-2017-5009,CWE-119,chrome,Not_Fixing,"Adds a resource_type argument to a devtools probe call; an instrumentation/plumbing change, not a security fix and no guard is strengthened.",False,https://github.com/chromium/chromium/commit/1c40f9042ae2d6ee7483d72998aabb5e73b2ff60,1c40f9042ae2d6ee7483d72998aabb5e73b2ff60
186632,CVE-2018-17468,CWE-200,chrome,Fixing,"Replaces a “DidSendResourceTimingInfoToParent()” action with SetShouldSendResourceTimingInfoToParent(false), preventing resource?timing info from being propagated to the parent frame at first real load; likely closes a cross?origin timing?info leak, but no guard condition is strengthened.",False,https://github.com/chromium/chromium/commit/5fe74f831fddb92afa5ddfe46490bb49f083132b,5fe74f831fddb92afa5ddfe46490bb49f083132b
186833,CVE-2018-6063,CWE-787,chrome,Not_Fixing, Test?only refactor replacing a boolean flag with an equivalent enum constant; not a security fix.,False,https://github.com/chromium/chromium/commit/673ce95d481ea9368c4d4d43ac756ba1d6d9e608,673ce95d481ea9368c4d4d43ac756ba1d6d9e608
186924,CVE-2017-5130,CWE-787,Chrome,Not_Fixing,"Expands { 0, } to an explicit field?by?field initializer for node_info in htmlParseElementInternal; functionally equivalent (C zero?initializes the whole struct either way), so not a security fix and no guard is strengthened.",False,https://github.com/chromium/chromium/commit/ce1446c00f0fd8f5a3b00727421be2124cb7370f,ce1446c00f0fd8f5a3b00727421be2124cb7370f
186986,CVE-2019-5838,CWE-20,chrome,Fixing,"Makes the capture requirement explicit (kActiveTabOrAllUrls) when calling CanCaptureVisiblePage, so extension capture access is only granted when the extension actually meets the required activeTab/<all_urls> permission instead of relying on a more permissive default.",True,https://github.com/chromium/chromium/commit/0660e08731fd42076d7242068e9eaed1482b14d5,0660e08731fd42076d7242068e9eaed1482b14d5
187220,CVE-2018-6125,,Chrome,Fixing,"Removes USB_API_HID from the api_type allow?list in auto_claim, so HID transfers are rejected with LIBUSB_ERROR_INVALID_PARAM instead of being auto?claimed through the generic WinUSB path (avoiding a claim conflict with the Windows HID class driver).",True,https://github.com/chromium/chromium/commit/ac149a8d4371c0e01e0934fdd57b09e86f96b5b9,ac149a8d4371c0e01e0934fdd57b09e86f96b5b9
187404,CVE-2016-6711,CWE-20,Android,Fixing,"Clears ctx->si.w/ctx->si.h on the setjmp failure path in vp8_decode, so the next decode's resolution_change check fires and forces a full frame?buffer reallocation instead of continuing with the partially?freed state left by the failed allocation — preventing a use?after?free / NULL?deref on the resync path.",True,https://android.googlesource.com/platform/external/libvpx/+/063be1485e0099bc81ace3a08b0ec9186dcad693,063be1485e0099bc81ace3a08b0ec9186dcad693
187410,CVE-2016-3922,CWE-264,android,Fixing,"Replaces a potentially huge stack VLA with a bounds?checked heap allocation (plus a free), preventing a stack?overflow DoS from an oversized Protobuf encoding; a stack?usage/allocation?placement fix.",True,https://android.googlesource.com/platform/hardware/ril/+/95610818918f6f11fe7d23aca1380e6c0fac2af0,95610818918f6f11fe7d23aca1380e6c0fac2af0
187413,CVE-2016-3921,CWE-264,android,Fixing,"Enforces that a non?NUL?terminated read aborts the connection and sets a skip flag, and the dispatch loop honors that flag to avoid treating a fragmented oversized command as a new command.",True,https://android.googlesource.com/platform/system/core/+/771ab014c24a682b32990da08e87e2f0ab765bd2,771ab014c24a682b32990da08e87e2f0ab765bd2
187420,CVE-2016-3913,CWE-264,android,Fixing,"Adds a hasClient(c) validation before the cast?derived Client* is stored and dereferenced, preventing type confusion / use?after?free when a caller passes an IMediaPlayer that is not actually a registered client of the service.",True,https://android.googlesource.com/platform/frameworks/av/+/0c3b93c8c2027e74af642967eee5c142c8fd185d,0c3b93c8c2027e74af642967eee5c142c8fd185d
187424,CVE-2016-3909,CWE-264,android,Fixing,Adds a non?zero framerate guard in SoftMPEG4Encoder::initEncParams so a zero framerate can no longer cause a division?by?zero during encoder parameter setup.,True,https://android.googlesource.com/platform/frameworks/av/+/d4271b792bdad85a80e2b83ab34c4b30b74f53ec,d4271b792bdad85a80e2b83ab34c4b30b74f53ec
187441,CVE-2016-3861,CWE-119,Android,Fixing,"Adds a dst_len parameter and per?write bounds checks in utf16_to_utf8 so the function verifies the destination buffer has room for each encoded code point and the NUL terminator, replacing an unchecked write path with a fatal?error guard that prevents a buffer overflow.",True,https://android.googlesource.com/platform/system/core/+/ecf5fd58a8f50362ce9e8d4245a33d56f29f142b,ecf5fd58a8f50362ce9e8d4245a33d56f29f142b
187447,CVE-2016-3839,CWE-284,Android,Not_Fixing,"Wraps the startup usleep(250000) in TEMP_FAILURE_RETRY so the delay is not cut short by an interrupting signal; a timing/robustness tweak, not a security fix and no guard is strengthened.",False,https://android.googlesource.com/platform/system/bt/+/472271b153c5dc53c28beac55480a8d8434b2d5c,472271b153c5dc53c28beac55480a8d8434b2d5c
187448,CVE-2016-3839,CWE-284,Android,Not_Fixing,"Wraps the emulated read usleep(us_delay) in TEMP_FAILURE_RETRY so the delay isn't cut short by an interrupting signal; a timing/robustness tweak, not a security fix and no guard is strengthened.",False,https://android.googlesource.com/platform/system/bt/+/472271b153c5dc53c28beac55480a8d8434b2d5c,472271b153c5dc53c28beac55480a8d8434b2d5c
187481,CVE-2016-3839,CWE-284,Android,Not_Fixing,"Wraps accept() in TEMP_FAILURE_RETRY to retry on EINTR; a robustness/timing fix only — no bounds check, validation, or other guard is added, tightened, or fixed, and the uninitialized clen issue remains.",False,https://android.googlesource.com/platform/system/bt/+/472271b153c5dc53c28beac55480a8d8434b2d5c,472271b153c5dc53c28beac55480a8d8434b2d5c
187485,CVE-2016-3839,CWE-284,Android,Not_Fixing,"Wraps send() in TEMP_FAILURE_RETRY in btsock_thread_remove_fd_and_close so an EINTR?interrupted send is retried; a robustness/timing tweak, not a security fix and no guard is strengthened.",False,https://android.googlesource.com/platform/system/bt/+/472271b153c5dc53c28beac55480a8d8434b2d5c,472271b153c5dc53c28beac55480a8d8434b2d5c
187521,CVE-2016-3839,CWE-284,Android,Not_Fixing,"Wraps the send() wake?up write in TEMP_FAILURE_RETRY in uipc_wakeup_locked so an EINTR?interrupted write is retried; a robustness/timing tweak, not a security fix and no guard is strengthened.",False,https://android.googlesource.com/platform/system/bt/+/472271b153c5dc53c28beac55480a8d8434b2d5c,472271b153c5dc53c28beac55480a8d8434b2d5c
187537,CVE-2016-3829,CWE-172,android,Not_Fixing,"Removes an incorrect reset of u1_first_pb_nal_in_pic in ih264d_end_of_pic, eliminating a state inconsistency that could cause memory corruption when decoding malformed H.264 bitstreams.",False,https://android.googlesource.com/platform/external/libavc/+/326fe991a4b7971e8aeaf4ac775491dd8abd85bb,326fe991a4b7971e8aeaf4ac775491dd8abd85bb
187568,CVE-2016-3819,CWE-119,android,Fixing,"Adds a picSizeInMbs > (UINT32_MAX - 32 - 15) / 384 bound check before allocating the DPB picture buffer, preventing a u32 size?computation overflow that would otherwise yield an undersized allocation and a downstream heap overflow.",True,https://android.googlesource.com/platform/frameworks/av/+/590d1729883f700ab905cdc9ad850f3ddd7e1f56,590d1729883f700ab905cdc9ad850f3ddd7e1f56
187644,CVE-2016-3751,,android,Not_Fixing,Constness/macro cleanup (or corrupted paste) in an empty “ini end” hook; not a security fix and no guard is strengthened.,False,https://android.googlesource.com/platform/external/libpng/+/9d4853418ab2f754c2b63e091c29c5529b8b86ca,9d4853418ab2f754c2b63e091c29c5529b8b86ca
187779,CVE-2016-3744,CWE-119,Android,Fixing,"Adds an overflow check on the computed UINT16 buffer length in create_pbuf, so a len large enough to wrap len + BTA_HH_MIN_OFFSET + sizeof(BT_HDR) can no longer cause an undersized GKI_getbuf followed by an overflowing memcpy.",True,https://android.googlesource.com/platform/system/bt/+/514139f4b40cbb035bb92f3e24d5a389d75db9e6,514139f4b40cbb035bb92f3e24d5a389d75db9e6
187806,CVE-2016-2482,CWE-119,android,Fixing,"Adds BITMASK_PRESENT guards around the output/input buffer frees in component_deinit, so only buffers actually allocated by the client are freed (and their bits cleared), preventing double?free/invalid?free from an inflated actualcount.",True,https://android.googlesource.com/platform/hardware/qcom/media/+/46e305be6e670a5a0041b0b4861122a0f1aabefa,46e305be6e670a5a0041b0b4861122a0f1aabefa
187816,CVE-2016-2480,CWE-20,android,Fixing,"Adds VALIDATE_OMX_PARAM_DATA size/type checks in every get_parameter case, so a caller can no longer pass an undersized or wrong?typed parameter buffer that would be overrun by the subsequent memcpy/field accesses.",True,https://android.googlesource.com/platform/hardware/qcom/media/+/560ccdb509a7b86186fac0fce1b25bd9a3e6a6e8,560ccdb509a7b86186fac0fce1b25bd9a3e6a6e8
187835,CVE-2016-2464,CWE-20,android,Not_Fixing," Merges two equivalent null checks into one; a style change only, not a security fix and no guard is strengthened.",False,https://android.googlesource.com/platform/external/libvpx/+/cc274e2abe8b2a6698a5c47d8aa4bb45f1f9538d,cc274e2abe8b2a6698a5c47d8aa4bb45f1f9538d
187860,CVE-2016-2464,CWE-20,android,Fixing,"Converts assert?based bounds checks (no?ops in release builds) into real runtime checks that reject out?of?range or inconsistent pos values in Chapters::Parse, preventing out?of?bounds reads on malformed MKV input.",True,https://android.googlesource.com/platform/external/libvpx/+/cc274e2abe8b2a6698a5c47d8aa4bb45f1f9538d,cc274e2abe8b2a6698a5c47d8aa4bb45f1f9538d
187922,CVE-2016-1503,CWE-119,android,Fixing,"Adds a sz == 0 check before the dl % sz array length test in valid_length, preventing a division?by?zero (UB/DoS) on ARRAY?typed DHCP options whose element size was not determined, and tightens IPV4 to an exact 4?byte length.",True,https://android.googlesource.com/platform/external/dhcpcd/+/1390ace71179f04a09c300ee8d0300aa69d9db09,1390ace71179f04a09c300ee8d0300aa69d9db09
188223,CVE-2016-2476,CWE-119,android,Fixing,"Adds isValidOMXParam size/version checks on the Bitrate and AVC parameter buffers before casting and field access, preventing out?of?bounds reads from undersized or wrong?typed caller?supplied OMX parameter structures.",True,https://android.googlesource.com/platform/frameworks/av/+/295c883fe3105b19bcd0f9e07d54c6b589fc5bff,295c883fe3105b19bcd0f9e07d54c6b589fc5bff
188508,CVE-2016-1621,CWE-119,android,Not_Fixing,Signature style change (empty () ? (void)) with a duplicated line; not a security fix and no guard is strengthened.,False,https://android.googlesource.com/platform/external/libvpx/+/5a9753fca56f0eeb9f61e342b2fccffc364f9426,5a9753fca56f0eeb9f61e342b2fccffc364f9426
188516,CVE-2016-1621,CWE-119,Android,Not_Fixing,Signature style change (empty () ? (void)) in usage_exit; not a security fix and no guard is strengthened.,False,https://android.googlesource.com/platform/external/libvpx/+/5a9753fca56f0eeb9f61e342b2fccffc364f9426,5a9753fca56f0eeb9f61e342b2fccffc364f9426
188568,CVE-2016-1621,CWE-119,android,Not_Fixing,Equivalent zero?initialization idiom change in test setup code; not a security fix.,False,https://android.googlesource.com/platform/external/libvpx/+/5a9753fca56f0eeb9f61e342b2fccffc364f9426,5a9753fca56f0eeb9f61e342b2fccffc364f9426
188579,CVE-2016-1621,CWE-119,Android,Fixing,"Changes fdct4x4_ref’s out parameter from int16_t * to tran_low_t * and routes to vpx_fdct4x4_c, so callers are now required to supply a buffer large enough for the coefficient type actually written — preventing an out?of?bounds write in high?bitdepth configurations.",False,https://android.googlesource.com/platform/external/libvpx/+/5a9753fca56f0eeb9f61e342b2fccffc364f9426,5a9753fca56f0eeb9f61e342b2fccffc364f9426
188587,CVE-2016-1621,CWE-119,Android,Fixing,"Changes fht8x8_ref’s out parameter from int16_t * to tran_low_t *, so callers must supply a buffer large enough for the coefficient type actually written — preventing an out?of?bounds write in high?bitdepth configurations.",False,https://android.googlesource.com/platform/external/libvpx/+/5a9753fca56f0eeb9f61e342b2fccffc364f9426,5a9753fca56f0eeb9f61e342b2fccffc364f9426
188591,CVE-2016-1621,CWE-119,android,Not_Fixing,"Test?only refactor (argument change to ReferenceSAD, EXPECT_EQ operand order, ++block); not a security fix",False,https://android.googlesource.com/platform/external/libvpx/+/5a9753fca56f0eeb9f61e342b2fccffc364f9426,5a9753fca56f0eeb9f61e342b2fccffc364f9426
